47-0.0,6.801534147104905e-139
68-0.0,0.046736704485538114
102-0.0,0.0007962506787209228
129-0.0,2.20649157324002e-08
130-0.0,2.629538768283441e-09
699-0.0,5.925016957805283e-19
709-0.0,6.394456039164278e-10
757-0.0,0.0014765325654943998
767-0.0,1.63741266368815e-11
777-0.0,9.93467224641755e-44
1050-0.0,5.030846380415481e-145
1060-0.0,1.4251718022216318e-225
1070-0.0,1.565892634058259e-217
1080-0.0,1.795981175401487e-35
1090-0.0,1.0942545342123462e-252
1160-0.0,1.482490449256267e-10
1269-0.0,0.04417207661105193
1279-0.0,6.215224360570535e-19
1289-0.0,5.120038522742151e-09
1299-0.0,4.534193184511031e-37
1309-0.0,2.7094361156112024e-13
1319-0.0,7.227066937320557e-33
1438-0.0,3.8826254034618265e-21
1458-0.0,1.9604379315656183e-24
1488-0.0,1.9745194374198195e-45
1498-0.0,0.00750056491313037
1528-0.0,1.956274699354669e-45
1568-0.0,4.2158699014452085e-68
1578-0.0,1.5661705795654342e-32
1588-0.0,2.0060859685128965e-27
1598-0.0,3.6882241547553165e-12
1608-0.0,0.26063450468625976
1737-0.0,4.918725391611861e-09
1807-0.0,1.512301941670824e-95
2139-0.0,4.586589706364349e-57
2149-0.0,0.02313678749526108
2277-0.0,4.161066595040486e-06
2867-0.0,1.4602293261962763e-06
2897-0.0,1.1139647012490958e-13
3061-0.0,5.742298801852931e-15
3581-0.0,1.6698097351662066e-08
3659-0.0,1.0308387970331374e-12
3669-0.0,0.3778854522953829
3680-0.0,1.993661362891391e-09
3700-0.0,0.4815672580906842
3710-0.0,0.0006845661959355067
3972-0.0,0.00034287410446281287
3982-0.0,6.860654491722816e-05
4079-0.0,0.0016999304918634268
4080-0.0,5.128982044184816e-11
4198-0.0,2.8109670732008863e-67
4199-0.0,0.04209730913629036
4200-0.0,9.686917634014881e-44
4250-0.0,
4260-0.0,
4269-0.0,1.3995174189148428e-07
4272-0.0,0.0
4279-0.0,0.0
4282-0.0,0.0
4288-0.0,5.096023319209059e-49
4290-0.0,0.0
4291-0.0,0.0
4407-0.0,0.038530160738019084
4418-0.0,1.2651276848517062e-08
4429-0.0,0.29465697167016763
4440-0.0,0.0011098390329555797
4451-0.0,0.01149096321408099
4462-0.0,0.055338114715528144
5057-0.0,3.9108462819972217e-250
5077-0.0,4.686793306362961e-31
5088-0.0,0.03353641484274029
5089-0.0,0.1052061082658573
5100-0.0,0.010141967086329815
5101-0.0,0.1983140667104241
5102-0.0,0.05209172994268869
5107-0.0,0.0017839721400747508
5108-0.0,0.4829977838342181
5109-0.0,0.02529974658701857
5110-0.0,0.4616474774611626
5111-0.0,0.16768108061330536
5112-0.0,0.31171897949566185
5188-0.0,1.2270693163017757e-39
5200-0.0,0.3614787055139845
5202-0.0,0.015169983346235524
5207-0.0,0.11356286676169827
5209-0.0,4.3341340962672136e-07
5221-0.0,0.3494990989806554
5237-0.0,0.00039297598137100713
5251-0.0,0.10222809882680026
6032-0.0,8.316594254788056e-96
6038-0.0,4.759108862218095e-79
6039-0.0,3.0648811841281214e-61
6071-0.0,5.4797531694863395e-31
6218-0.0,0.648286369217332
6219-0.0,0.3531612070110084
6220-0.0,0.3510753523679254
6221-0.0,0.6118967893647821
6222-0.0,0.5785815571507432
10141-0.0,
10147-0.0,
10241-0.0,
10609-0.0,
10612-0.0,
10717-0.0,
20077-0.0,1.2737949251628844e-281
20081-0.0,0.6678333717244263
20082-0.0,4.622346946458482e-149
20121-0.0,0.8023806232180555
20128-0.0,0.0
20129-0.0,
20130-0.0,
20131-0.0,1.8355887681086115e-10
20132-0.0,4.026193865948764e-51
20159-0.0,7.626479687027554e-304
20200-0.0,
20229-0.0,1.0391285583895608e-30
20230-0.0,4.355843408466679e-90
20240-0.0,2.2593989371108092e-262
20247-0.0,0.3134294086410172
20248-0.0,0.0008420175644808553
20461-0.0,0.33247788806097794
21022-0.0,2.775282120082561e-35
22011-0.0,0.6476558370061798
22200-0.0,2.2115467361510768e-07
22501-0.0,8.161659907959129e-05
22599-0.0,4.6577919795141687e-07
22602-0.0,1.3078232224628223e-53
22642-0.0,0.09538183563362992
22652-0.0,0.16925107020873326
22661-0.0,0.020389859646305238
22702-0.0,2.0495561761489663e-08
23000-0.0,0.00010195904854543608
23001-0.0,0.6146963592642122
23002-0.0,0.8814672118321192
23007-0.0,0.03669761818316382
23008-0.0,0.0008538095532370897
23009-0.0,0.003046738540983984
23010-0.0,0.7458378471681535
23011-0.0,0.4343394339606862
23012-0.0,0.8111336525849424
23017-0.0,0.5217267160498917
23018-0.0,0.9614026501155659
23019-0.0,0.8377460705930166
23020-0.0,0.8650647482590054
23021-0.0,0.8535925491675839
23022-0.0,0.07733072099767277
23027-0.0,0.5279908670063311
23028-0.0,0.1908097785884164
23029-0.0,0.9511896800492212
23030-0.0,0.3772457726884132
23031-0.0,1.4302528330021002e-10
23032-0.0,0.5089719306971167
23037-0.0,0.03203048459471405
23038-0.0,0.004211401441832019
23039-0.0,0.2837634151298913
23040-0.0,0.9439447022700508
23041-0.0,0.007885190293604875
23042-0.0,0.029211027664456057
24009-0.0,1.348242401992651e-05
24011-0.0,5.986153518941634e-13
30001-0.0,
30011-0.0,
30021-0.0,
30031-0.0,
30041-0.0,
30051-0.0,
30061-0.0,
30071-0.0,
30081-0.0,
30091-0.0,
30101-0.0,
30111-0.0,
30121-0.0,
30131-0.0,
30141-0.0,
30151-0.0,
30161-0.0,
30171-0.0,
30181-0.0,
30201-0.0,
30211-0.0,
30221-0.0,
30231-0.0,
30241-0.0,
30251-0.0,
30261-0.0,
30271-0.0,
30281-0.0,
30291-0.0,
30301-0.0,
90171-0.0,0.06804643455374103
90179-0.0,0.18628586689262044
90180-0.0,0.8313012213795271
90182-0.0,0.8521240367299766
19-0.0_nan,
21-0.0_1.0,
21-0.0_2.0,
21-0.0_3.0,
21-0.0_4.0,
21-0.0_nan,
31-0.0_0.0,
31-0.0_1.0,
52-0.0_1.0,
52-0.0_10.0,
52-0.0_11.0,
52-0.0_12.0,
52-0.0_2.0,
52-0.0_3.0,
52-0.0_4.0,
52-0.0_5.0,
52-0.0_6.0,
52-0.0_7.0,
52-0.0_8.0,
52-0.0_9.0,
62-0.0_1.0,
111-0.0_0.0,
111-0.0_1.0,
111-0.0_nan,
120-0.0_1.0,
120-0.0_2.0,
120-0.0_9.0,
120-0.0_nan,
401-0.0_0.0,
401-0.0_1.0,
401-0.0_2.0,
401-0.0_3.0,
401-0.0_4.0,
401-0.0_5.0,
401-0.0_6.0,
401-0.0_7.0,
401-0.0_8.0,
401-0.0_9.0,
402-0.0_0.0,
402-0.0_1.0,
402-0.0_2.0,
402-0.0_3.0,
402-0.0_4.0,
402-0.0_5.0,
402-0.0_6.0,
402-0.0_7.0,
402-0.0_8.0,
402-0.0_9.0,
670-0.0_-3.0,
670-0.0_-7.0,
670-0.0_1.0,
670-0.0_2.0,
670-0.0_3.0,
670-0.0_4.0,
670-0.0_5.0,
680-0.0_-3.0,
680-0.0_-7.0,
680-0.0_1.0,
680-0.0_2.0,
680-0.0_3.0,
680-0.0_4.0,
680-0.0_5.0,
680-0.0_6.0,
680-0.0_nan,
728-0.0_-1.0,
728-0.0_-3.0,
728-0.0_1.0,
728-0.0_2.0,
728-0.0_3.0,
728-0.0_4.0,
728-0.0_5.0,
728-0.0_nan,
738-0.0_-1.0,
738-0.0_-3.0,
738-0.0_1.0,
738-0.0_2.0,
738-0.0_3.0,
738-0.0_4.0,
738-0.0_5.0,
738-0.0_nan,
971-0.0_-1.0,
971-0.0_-3.0,
971-0.0_1.0,
971-0.0_2.0,
971-0.0_3.0,
971-0.0_4.0,
971-0.0_5.0,
971-0.0_6.0,
971-0.0_nan,
981-0.0_-1.0,
981-0.0_-3.0,
981-0.0_1.0,
981-0.0_2.0,
981-0.0_3.0,
981-0.0_4.0,
981-0.0_5.0,
981-0.0_6.0,
981-0.0_7.0,
981-0.0_nan,
991-0.0_-1.0,
991-0.0_-3.0,
991-0.0_1.0,
991-0.0_2.0,
991-0.0_3.0,
991-0.0_4.0,
991-0.0_5.0,
991-0.0_6.0,
991-0.0_nan,
1001-0.0_-1.0,
1001-0.0_-3.0,
1001-0.0_1.0,
1001-0.0_2.0,
1001-0.0_3.0,
1001-0.0_4.0,
1001-0.0_5.0,
1001-0.0_6.0,
1001-0.0_7.0,
1001-0.0_nan,
1011-0.0_-1.0,
1011-0.0_-3.0,
1011-0.0_1.0,
1011-0.0_2.0,
1011-0.0_3.0,
1011-0.0_4.0,
1011-0.0_5.0,
1011-0.0_6.0,
1011-0.0_nan,
1021-0.0_-1.0,
1021-0.0_-3.0,
1021-0.0_1.0,
1021-0.0_2.0,
1021-0.0_3.0,
1021-0.0_4.0,
1021-0.0_5.0,
1021-0.0_6.0,
1021-0.0_7.0,
1021-0.0_nan,
1031-0.0_-1.0,
1031-0.0_-3.0,
1031-0.0_1.0,
1031-0.0_2.0,
1031-0.0_3.0,
1031-0.0_4.0,
1031-0.0_5.0,
1031-0.0_6.0,
1031-0.0_7.0,
1100-0.0_-1.0,
1100-0.0_-3.0,
1100-0.0_1.0,
1100-0.0_2.0,
1100-0.0_3.0,
1100-0.0_4.0,
1100-0.0_5.0,
1110-0.0_-1.0,
1110-0.0_-3.0,
1110-0.0_0.0,
1110-0.0_1.0,
1110-0.0_2.0,
1110-0.0_3.0,
1110-0.0_4.0,
1120-0.0_-1.0,
1120-0.0_-3.0,
1120-0.0_0.0,
1120-0.0_1.0,
1120-0.0_2.0,
1120-0.0_3.0,
1120-0.0_4.0,
1120-0.0_5.0,
1120-0.0_nan,
1130-0.0_-1.0,
1130-0.0_-3.0,
1130-0.0_0.0,
1130-0.0_1.0,
1130-0.0_2.0,
1130-0.0_3.0,
1130-0.0_4.0,
1130-0.0_nan,
1140-0.0_-1.0,
1140-0.0_-3.0,
1140-0.0_0.0,
1140-0.0_1.0,
1140-0.0_2.0,
1140-0.0_3.0,
1140-0.0_nan,
1150-0.0_-1.0,
1150-0.0_-3.0,
1150-0.0_1.0,
1150-0.0_2.0,
1150-0.0_3.0,
1150-0.0_nan,
1170-0.0_-1.0,
1170-0.0_-3.0,
1170-0.0_1.0,
1170-0.0_2.0,
1170-0.0_3.0,
1170-0.0_4.0,
1180-0.0_-1.0,
1180-0.0_-3.0,
1180-0.0_1.0,
1180-0.0_2.0,
1180-0.0_3.0,
1180-0.0_4.0,
1200-0.0_-3.0,
1200-0.0_1.0,
1200-0.0_2.0,
1200-0.0_3.0,
1210-0.0_-1.0,
1210-0.0_-3.0,
1210-0.0_1.0,
1210-0.0_2.0,
1220-0.0_-1.0,
1220-0.0_-3.0,
1220-0.0_0.0,
1220-0.0_1.0,
1220-0.0_2.0,
1239-0.0_-3.0,
1239-0.0_0.0,
1239-0.0_1.0,
1239-0.0_2.0,
1249-0.0_-3.0,
1249-0.0_1.0,
1249-0.0_2.0,
1249-0.0_3.0,
1249-0.0_4.0,
1249-0.0_nan,
1259-0.0_-3.0,
1259-0.0_0.0,
1259-0.0_1.0,
1259-0.0_2.0,
1259-0.0_nan,
1329-0.0_-1.0,
1329-0.0_-3.0,
1329-0.0_0.0,
1329-0.0_1.0,
1329-0.0_2.0,
1329-0.0_3.0,
1329-0.0_4.0,
1329-0.0_5.0,
1339-0.0_-1.0,
1339-0.0_-3.0,
1339-0.0_0.0,
1339-0.0_1.0,
1339-0.0_2.0,
1339-0.0_3.0,
1339-0.0_4.0,
1339-0.0_5.0,
1349-0.0_-1.0,
1349-0.0_-3.0,
1349-0.0_0.0,
1349-0.0_1.0,
1349-0.0_2.0,
1349-0.0_3.0,
1349-0.0_4.0,
1349-0.0_5.0,
1359-0.0_-1.0,
1359-0.0_-3.0,
1359-0.0_0.0,
1359-0.0_1.0,
1359-0.0_2.0,
1359-0.0_3.0,
1359-0.0_4.0,
1359-0.0_5.0,
1369-0.0_-1.0,
1369-0.0_-3.0,
1369-0.0_0.0,
1369-0.0_1.0,
1369-0.0_2.0,
1369-0.0_3.0,
1369-0.0_4.0,
1369-0.0_5.0,
1379-0.0_-1.0,
1379-0.0_-3.0,
1379-0.0_0.0,
1379-0.0_1.0,
1379-0.0_2.0,
1379-0.0_3.0,
1379-0.0_4.0,
1379-0.0_5.0,
1389-0.0_-1.0,
1389-0.0_-3.0,
1389-0.0_0.0,
1389-0.0_1.0,
1389-0.0_2.0,
1389-0.0_3.0,
1389-0.0_4.0,
1389-0.0_5.0,
1408-0.0_-1.0,
1408-0.0_-3.0,
1408-0.0_0.0,
1408-0.0_1.0,
1408-0.0_2.0,
1408-0.0_3.0,
1408-0.0_4.0,
1408-0.0_5.0,
1408-0.0_nan,
1418-0.0_-1.0,
1418-0.0_-3.0,
1418-0.0_1.0,
1418-0.0_2.0,
1418-0.0_3.0,
1418-0.0_4.0,
1418-0.0_5.0,
1418-0.0_6.0,
1428-0.0_-1.0,
1428-0.0_-3.0,
1428-0.0_0.0,
1428-0.0_1.0,
1428-0.0_3.0,
1448-0.0_-1.0,
1448-0.0_-3.0,
1448-0.0_1.0,
1448-0.0_2.0,
1448-0.0_3.0,
1448-0.0_4.0,
1448-0.0_nan,
1468-0.0_-1.0,
1468-0.0_-3.0,
1468-0.0_1.0,
1468-0.0_2.0,
1468-0.0_3.0,
1468-0.0_4.0,
1468-0.0_5.0,
1468-0.0_nan,
1478-0.0_-3.0,
1478-0.0_1.0,
1478-0.0_2.0,
1478-0.0_3.0,
1478-0.0_4.0,
1508-0.0_-1.0,
1508-0.0_-3.0,
1508-0.0_1.0,
1508-0.0_2.0,
1508-0.0_3.0,
1508-0.0_4.0,
1508-0.0_nan,
1518-0.0_-2.0,
1518-0.0_-3.0,
1518-0.0_1.0,
1518-0.0_2.0,
1518-0.0_3.0,
1538-0.0_-3.0,
1538-0.0_0.0,
1538-0.0_1.0,
1538-0.0_2.0,
1548-0.0_-1.0,
1548-0.0_-3.0,
1548-0.0_1.0,
1548-0.0_2.0,
1548-0.0_3.0,
1558-0.0_-3.0,
1558-0.0_1.0,
1558-0.0_2.0,
1558-0.0_3.0,
1558-0.0_4.0,
1558-0.0_5.0,
1558-0.0_6.0,
1618-0.0_-1.0,
1618-0.0_-3.0,
1618-0.0_-6.0,
1618-0.0_0.0,
1618-0.0_1.0,
1618-0.0_nan,
1628-0.0_-1.0,
1628-0.0_-3.0,
1628-0.0_1.0,
1628-0.0_2.0,
1628-0.0_3.0,
1628-0.0_nan,
1647-0.0_-1.0,
1647-0.0_-3.0,
1647-0.0_1.0,
1647-0.0_2.0,
1647-0.0_3.0,
1647-0.0_4.0,
1647-0.0_5.0,
1647-0.0_6.0,
1677-0.0_-1.0,
1677-0.0_-3.0,
1677-0.0_0.0,
1677-0.0_1.0,
1697-0.0_-1.0,
1697-0.0_-3.0,
1697-0.0_1.0,
1697-0.0_2.0,
1697-0.0_3.0,
1707-0.0_-3.0,
1707-0.0_1.0,
1707-0.0_2.0,
1707-0.0_3.0,
1717-0.0_-1.0,
1717-0.0_-3.0,
1717-0.0_1.0,
1717-0.0_2.0,
1717-0.0_3.0,
1717-0.0_4.0,
1717-0.0_5.0,
1717-0.0_6.0,
1727-0.0_-1.0,
1727-0.0_-3.0,
1727-0.0_1.0,
1727-0.0_2.0,
1727-0.0_3.0,
1727-0.0_4.0,
1747-0.0_-1.0,
1747-0.0_-3.0,
1747-0.0_1.0,
1747-0.0_2.0,
1747-0.0_3.0,
1747-0.0_4.0,
1747-0.0_5.0,
1747-0.0_6.0,
1757-0.0_-1.0,
1757-0.0_-3.0,
1757-0.0_1.0,
1757-0.0_2.0,
1757-0.0_3.0,
1767-0.0_-1.0,
1767-0.0_-3.0,
1767-0.0_0.0,
1767-0.0_1.0,
1777-0.0_-1.0,
1777-0.0_-3.0,
1777-0.0_0.0,
1777-0.0_1.0,
1777-0.0_nan,
1797-0.0_-1.0,
1797-0.0_-3.0,
1797-0.0_0.0,
1797-0.0_1.0,
1797-0.0_nan,
2110-0.0_-1.0,
2110-0.0_-3.0,
2110-0.0_0.0,
2110-0.0_1.0,
2110-0.0_2.0,
2110-0.0_3.0,
2110-0.0_4.0,
2110-0.0_5.0,
2129-0.0_1.0,
2129-0.0_2.0,
2159-0.0_-3.0,
2159-0.0_0.0,
2159-0.0_1.0,
2159-0.0_nan,
2237-0.0_-3.0,
2237-0.0_0.0,
2237-0.0_1.0,
2237-0.0_2.0,
2267-0.0_-1.0,
2267-0.0_-3.0,
2267-0.0_1.0,
2267-0.0_2.0,
2267-0.0_3.0,
2267-0.0_4.0,
2267-0.0_5.0,
2877-0.0_-3.0,
2877-0.0_-7.0,
2877-0.0_1.0,
2877-0.0_2.0,
2877-0.0_3.0,
2877-0.0_nan,
2907-0.0_-1.0,
2907-0.0_0.0,
2907-0.0_1.0,
2907-0.0_nan,
3059-0.0_0.0,
3059-0.0_nan,
3077-0.0_30.0,
3077-0.0_40.0,
3077-0.0_50.0,
3077-0.0_nan,
3081-0.0_nan,
3082-0.0_nan,
3088-0.0_0.0,
3088-0.0_1.0,
3088-0.0_2.0,
3088-0.0_nan,
3089-0.0_0.0,
3089-0.0_1.0,
3089-0.0_nan,
3090-0.0_0.0,
3090-0.0_1.0,
3090-0.0_nan,
3159-0.0_0.0,
3159-0.0_1.0,
3159-0.0_nan,
3637-0.0_-1.0,
3637-0.0_-3.0,
3637-0.0_1.0,
3637-0.0_2.0,
3637-0.0_3.0,
3637-0.0_4.0,
3637-0.0_5.0,
3637-0.0_6.0,
3637-0.0_nan,
3647-0.0_-1.0,
3647-0.0_-3.0,
3647-0.0_1.0,
3647-0.0_2.0,
3647-0.0_3.0,
3647-0.0_4.0,
3647-0.0_5.0,
3647-0.0_6.0,
3647-0.0_7.0,
3647-0.0_nan,
3720-0.0_-1.0,
3720-0.0_-3.0,
3720-0.0_0.0,
3720-0.0_1.0,
3720-0.0_nan,
3731-0.0_-3.0,
3731-0.0_0.0,
3731-0.0_1.0,
3731-0.0_nan,
3859-0.0_-1.0,
3859-0.0_-3.0,
3859-0.0_1.0,
3859-0.0_2.0,
3859-0.0_3.0,
3859-0.0_4.0,
3859-0.0_5.0,
3859-0.0_nan,
3912-0.0_-1.0,
3912-0.0_-3.0,
3912-0.0_0.0,
3912-0.0_1.0,
3912-0.0_nan,
3942-0.0_-1.0,
3942-0.0_-3.0,
3942-0.0_0.0,
3942-0.0_1.0,
3942-0.0_nan,
4081-0.0_1.0,
4081-0.0_2.0,
4081-0.0_3.0,
4081-0.0_4.0,
4081-0.0_nan,
4259-0.0_0.0,
4259-0.0_1.0,
4259-0.0_9.0,
4259-0.0_nan,
4268-0.0_-1.0,
4268-0.0_2.0,
4268-0.0_9.0,
4268-0.0_nan,
4270-0.0_10.0,
4270-0.0_100.0,
4270-0.0_20.0,
4270-0.0_40.0,
4270-0.0_70.0,
4270-0.0_nan,
4277-0.0_10.0,
4277-0.0_100.0,
4277-0.0_20.0,
4277-0.0_40.0,
4277-0.0_70.0,
4277-0.0_nan,
4281-0.0_2.0,
4281-0.0_3.0,
4281-0.0_9.0,
4281-0.0_nan,
4501-0.0_-1.0,
4501-0.0_-3.0,
4501-0.0_0.0,
4501-0.0_1.0,
4501-0.0_nan,
4537-0.0_-1.0,
4537-0.0_-3.0,
4537-0.0_1.0,
4537-0.0_2.0,
4537-0.0_3.0,
4537-0.0_4.0,
4537-0.0_5.0,
4537-0.0_6.0,
4537-0.0_7.0,
4548-0.0_-1.0,
4548-0.0_-3.0,
4548-0.0_1.0,
4548-0.0_2.0,
4548-0.0_3.0,
4548-0.0_4.0,
4548-0.0_5.0,
4548-0.0_6.0,
4559-0.0_-1.0,
4559-0.0_-3.0,
4559-0.0_1.0,
4559-0.0_2.0,
4559-0.0_3.0,
4559-0.0_4.0,
4559-0.0_5.0,
4559-0.0_6.0,
4570-0.0_-1.0,
4570-0.0_-3.0,
4570-0.0_1.0,
4570-0.0_2.0,
4570-0.0_3.0,
4570-0.0_4.0,
4570-0.0_5.0,
4570-0.0_6.0,
4581-0.0_-1.0,
4581-0.0_-3.0,
4581-0.0_1.0,
4581-0.0_2.0,
4581-0.0_3.0,
4581-0.0_4.0,
4581-0.0_5.0,
4581-0.0_6.0,
4849-0.0_0.0,
4849-0.0_1.0,
4849-0.0_11.0,
4849-0.0_12.0,
4849-0.0_nan,
4957-0.0_-1.0,
4957-0.0_-3.0,
4957-0.0_1.0,
4957-0.0_2.0,
4957-0.0_3.0,
4957-0.0_4.0,
4957-0.0_5.0,
4957-0.0_nan,
4968-0.0_-1.0,
4968-0.0_-3.0,
4968-0.0_5.0,
4968-0.0_6.0,
4968-0.0_7.0,
4968-0.0_8.0,
4968-0.0_nan,
4979-0.0_-1.0,
4979-0.0_-3.0,
4979-0.0_1.0,
4979-0.0_2.0,
4979-0.0_3.0,
4979-0.0_4.0,
4979-0.0_5.0,
4979-0.0_nan,
4990-0.0_-1.0,
4990-0.0_-3.0,
4990-0.0_68.0,
4990-0.0_69.0,
4990-0.0_70.0,
4990-0.0_71.0,
4990-0.0_72.0,
4990-0.0_nan,
5001-0.0_-1.0,
5001-0.0_-3.0,
5001-0.0_1.0,
5001-0.0_2.0,
5001-0.0_3.0,
5001-0.0_4.0,
5001-0.0_5.0,
5001-0.0_nan,
5012-0.0_-1.0,
5012-0.0_-3.0,
5012-0.0_25.0,
5012-0.0_26.0,
5012-0.0_27.0,
5012-0.0_28.0,
5012-0.0_29.0,
5012-0.0_nan,
5090-0.0_2,
5090-0.0_2.0,
5090-0.0_C 1,
5090-0.0_C 3,
5090-0.0_CE7,
5090-0.0_CE9,
5090-0.0_Ce5,
5090-0.0_E6,
5090-0.0_E8,
5090-0.0_E9,
5090-0.0_L 0,
5090-0.0_e4,
5090-0.0_nan,
5091-0.0_2,
5091-0.0_2.0,
5091-0.0_C 1,
5091-0.0_C 3,
5091-0.0_CE7,
5091-0.0_CE9,
5091-0.0_Ce5,
5091-0.0_E6,
5091-0.0_E8,
5091-0.0_L 0,
5091-0.0_e4,
5091-0.0_nan,
5138-0.0_E,
5138-0.0_e,
5138-0.0_nan,
5139-0.0_E,
5139-0.0_e,
5139-0.0_nan,
5140-0.0_E,
5140-0.0_e,
5140-0.0_nan,
5141-0.0_e,
5141-0.0_nan,
5142-0.0_e,
5142-0.0_nan,
5147-0.0_e,
5147-0.0_nan,
5148-0.0_e,
5148-0.0_nan,
5149-0.0_1.0,
5149-0.0_2.0,
5149-0.0_3.0,
5149-0.0_nan,
5152-0.0_1.0,
5152-0.0_2.0,
5152-0.0_3.0,
5152-0.0_nan,
5189-0.0_1.0,
5189-0.0_6.0,
5189-0.0_7.0,
5189-0.0_nan,
5212-0.0_0.0,
5212-0.0_1.0,
5212-0.0_nan,
5699-0.0_-1.0,
5699-0.0_-3.0,
5699-0.0_92.0,
5699-0.0_93.0,
5699-0.0_94.0,
5699-0.0_95.0,
5699-0.0_96.0,
5699-0.0_nan,
5779-0.0_-1.0,
5779-0.0_-3.0,
5779-0.0_1.0,
5779-0.0_2.0,
5779-0.0_3.0,
5779-0.0_4.0,
5779-0.0_5.0,
5779-0.0_nan,
5790-0.0_-1.0,
5790-0.0_-3.0,
5790-0.0_45.0,
5790-0.0_46.0,
5790-0.0_47.0,
5790-0.0_48.0,
5790-0.0_49.0,
5790-0.0_50.0,
5790-0.0_nan,
5959-0.0_0.0,
5959-0.0_1.0,
5959-0.0_nan,
6017-0.0_0.0,
6017-0.0_1.0,
6017-0.0_2.0,
6017-0.0_nan,
6019-0.0_1.0,
6019-0.0_2.0,
6019-0.0_6.0,
6019-0.0_7.0,
6019-0.0_nan,
6020-0.0_1.0,
6020-0.0_31.0,
6020-0.0_32.0,
6020-0.0_33.0,
6020-0.0_34.0,
6020-0.0_nan,
6070-0.0_1.0,
6070-0.0_6.0,
6070-0.0_7.0,
6070-0.0_nan,
6072-0.0_1.0,
6072-0.0_6.0,
6072-0.0_7.0,
6072-0.0_nan,
6138-0.0_-3.0,
6138-0.0_-7.0,
6138-0.0_1.0,
6138-0.0_2.0,
6138-0.0_3.0,
6138-0.0_4.0,
6138-0.0_5.0,
6138-0.0_6.0,
6139-0.0_-1.0,
6139-0.0_-3.0,
6139-0.0_-7.0,
6139-0.0_1.0,
6139-0.0_2.0,
6139-0.0_3.0,
6140-0.0_-1.0,
6140-0.0_-3.0,
6140-0.0_-7.0,
6140-0.0_1.0,
6140-0.0_2.0,
6140-0.0_3.0,
6140-0.0_4.0,
6140-0.0_5.0,
6140-0.0_6.0,
6141-0.0_-3.0,
6141-0.0_1.0,
6141-0.0_2.0,
6141-0.0_3.0,
6141-0.0_4.0,
6141-0.0_5.0,
6141-0.0_6.0,
6141-0.0_7.0,
6141-0.0_8.0,
6141-0.0_nan,
6142-0.0_-3.0,
6142-0.0_-7.0,
6142-0.0_1.0,
6142-0.0_2.0,
6142-0.0_3.0,
6142-0.0_4.0,
6142-0.0_5.0,
6142-0.0_6.0,
6142-0.0_7.0,
6157-0.0_-1.0,
6157-0.0_-3.0,
6157-0.0_-7.0,
6157-0.0_1.0,
6157-0.0_2.0,
6157-0.0_3.0,
6157-0.0_4.0,
6157-0.0_nan,
6158-0.0_-1.0,
6158-0.0_-3.0,
6158-0.0_-7.0,
6158-0.0_1.0,
6158-0.0_2.0,
6158-0.0_3.0,
6158-0.0_4.0,
6158-0.0_nan,
6160-0.0_-3.0,
6160-0.0_-7.0,
6160-0.0_1.0,
6160-0.0_2.0,
6160-0.0_3.0,
6160-0.0_4.0,
6160-0.0_5.0,
6162-0.0_-3.0,
6162-0.0_-7.0,
6162-0.0_1.0,
6162-0.0_2.0,
6162-0.0_3.0,
6162-0.0_4.0,
6162-0.0_nan,
10139-0.0_nan,
10140-0.0_nan,
10610-0.0_nan,
10711-0.0_nan,
10722-0.0_nan,
10740-0.0_nan,
10749-0.0_nan,
10767-0.0_nan,
10818-0.0_nan,
10827-0.0_nan,
10860-0.0_nan,
10877-0.0_nan,
10912-0.0_nan,
10962-0.0_nan,
10971-0.0_nan,
20018-0.0_0.0,
20018-0.0_1.0,
20018-0.0_2.0,
20041-0.0_101.0,
20041-0.0_102.0,
20041-0.0_201.0,
20041-0.0_202.0,
20041-0.0_300.0,
20041-0.0_402.0,
20041-0.0_403.0,
20041-0.0_404.0,
20041-0.0_405.0,
20041-0.0_406.0,
20041-0.0_408.0,
20041-0.0_409.0,
20041-0.0_410.0,
20041-0.0_nan,
20042-0.0_101.0,
20042-0.0_102.0,
20042-0.0_103.0,
20042-0.0_104.0,
20042-0.0_201.0,
20042-0.0_202.0,
20042-0.0_300.0,
20042-0.0_407.0,
20042-0.0_411.0,
20042-0.0_412.0,
20042-0.0_413.0,
20042-0.0_414.0,
20042-0.0_501.0,
20042-0.0_503.0,
20042-0.0_504.0,
20042-0.0_506.0,
20042-0.0_507.0,
20042-0.0_508.0,
20042-0.0_nan,
20047-0.0_101.0,
20047-0.0_102.0,
20047-0.0_103.0,
20047-0.0_201.0,
20047-0.0_300.0,
20047-0.0_404.0,
20047-0.0_405.0,
20047-0.0_407.0,
20047-0.0_409.0,
20047-0.0_410.0,
20047-0.0_nan,
20048-0.0_101.0,
20048-0.0_102.0,
20048-0.0_103.0,
20048-0.0_201.0,
20048-0.0_300.0,
20048-0.0_402.0,
20048-0.0_404.0,
20048-0.0_405.0,
20048-0.0_407.0,
20048-0.0_409.0,
20048-0.0_410.0,
20048-0.0_421.0,
20048-0.0_nan,
20049-0.0_101.0,
20049-0.0_202.0,
20049-0.0_300.0,
20049-0.0_405.0,
20049-0.0_433.0,
20049-0.0_434.0,
20049-0.0_601.0,
20049-0.0_nan,
20050-0.0_101.0,
20050-0.0_102.0,
20050-0.0_201.0,
20050-0.0_405.0,
20050-0.0_407.0,
20050-0.0_433.0,
20050-0.0_434.0,
20050-0.0_601.0,
20050-0.0_nan,
20051-0.0_101.0,
20051-0.0_102.0,
20051-0.0_201.0,
20051-0.0_405.0,
20051-0.0_422.0,
20051-0.0_423.0,
20051-0.0_nan,
20052-0.0_101.0,
20052-0.0_102.0,
20052-0.0_105.0,
20052-0.0_201.0,
20052-0.0_202.0,
20052-0.0_300.0,
20052-0.0_405.0,
20052-0.0_424.0,
20052-0.0_425.0,
20052-0.0_nan,
20057-0.0_101.0,
20057-0.0_102.0,
20057-0.0_105.0,
20057-0.0_300.0,
20057-0.0_405.0,
20057-0.0_412.0,
20057-0.0_424.0,
20057-0.0_425.0,
20057-0.0_426.0,
20057-0.0_nan,
20058-0.0_101.0,
20058-0.0_102.0,
20058-0.0_201.0,
20058-0.0_202.0,
20058-0.0_300.0,
20058-0.0_404.0,
20058-0.0_405.0,
20058-0.0_406.0,
20058-0.0_nan,
20059-0.0_101.0,
20059-0.0_102.0,
20059-0.0_103.0,
20059-0.0_201.0,
20059-0.0_300.0,
20059-0.0_405.0,
20059-0.0_412.0,
20059-0.0_427.0,
20059-0.0_429.0,
20059-0.0_430.0,
20059-0.0_601.0,
20059-0.0_602.0,
20059-0.0_nan,
20060-0.0_101.0,
20060-0.0_102.0,
20060-0.0_201.0,
20060-0.0_300.0,
20060-0.0_405.0,
20060-0.0_428.0,
20060-0.0_430.0,
20060-0.0_nan,
20061-0.0_101.0,
20061-0.0_102.0,
20061-0.0_105.0,
20061-0.0_201.0,
20061-0.0_300.0,
20061-0.0_405.0,
20061-0.0_412.0,
20061-0.0_424.0,
20061-0.0_425.0,
20061-0.0_nan,
20062-0.0_101.0,
20062-0.0_102.0,
20062-0.0_105.0,
20062-0.0_201.0,
20062-0.0_202.0,
20062-0.0_300.0,
20062-0.0_405.0,
20062-0.0_412.0,
20062-0.0_424.0,
20062-0.0_425.0,
20062-0.0_nan,
20071-0.0_101.0,
20071-0.0_102.0,
20071-0.0_103.0,
20071-0.0_201.0,
20071-0.0_202.0,
20071-0.0_300.0,
20071-0.0_nan,
20072-0.0_101.0,
20072-0.0_102.0,
20072-0.0_103.0,
20072-0.0_201.0,
20072-0.0_202.0,
20072-0.0_300.0,
20072-0.0_405.0,
20072-0.0_nan,
20079-0.0_1.0,
20079-0.0_2.0,
20079-0.0_3.0,
20079-0.0_4.0,
20079-0.0_5.0,
20079-0.0_6.0,
20079-0.0_7.0,
20079-0.0_nan,
20080-0.0_1.0,
20080-0.0_2.0,
20080-0.0_3.0,
20080-0.0_4.0,
20080-0.0_5.0,
20080-0.0_6.0,
20080-0.0_7.0,
20080-0.0_nan,
20088-0.0_332.0,
20088-0.0_333.0,
20088-0.0_334.0,
20088-0.0_335.0,
20088-0.0_336.0,
20088-0.0_337.0,
20088-0.0_338.0,
20088-0.0_339.0,
20088-0.0_340.0,
20088-0.0_341.0,
20088-0.0_342.0,
20088-0.0_343.0,
20088-0.0_344.0,
20088-0.0_345.0,
20088-0.0_346.0,
20088-0.0_347.0,
20088-0.0_348.0,
20088-0.0_349.0,
20088-0.0_350.0,
20088-0.0_nan,
20089-0.0_461.0,
20089-0.0_462.0,
20089-0.0_463.0,
20089-0.0_464.0,
20089-0.0_465.0,
20089-0.0_nan,
20090-0.0_352.0,
20090-0.0_353.0,
20090-0.0_354.0,
20090-0.0_355.0,
20090-0.0_356.0,
20090-0.0_357.0,
20090-0.0_359.0,
20090-0.0_364.0,
20090-0.0_365.0,
20090-0.0_371.0,
20090-0.0_377.0,
20090-0.0_383.0,
20090-0.0_389.0,
20090-0.0_395.0,
20090-0.0_396.0,
20090-0.0_nan,
20091-0.0_1.0,
20091-0.0_2.0,
20091-0.0_3.0,
20091-0.0_4.0,
20091-0.0_5.0,
20091-0.0_nan,
20097-0.0_1.0,
20097-0.0_2.0,
20097-0.0_3.0,
20097-0.0_nan,
20098-0.0_1.0,
20098-0.0_2.0,
20098-0.0_3.0,
20098-0.0_nan,
20099-0.0_1.0,
20099-0.0_2.0,
20099-0.0_3.0,
20099-0.0_nan,
20100-0.0_1.0,
20100-0.0_2.0,
20100-0.0_3.0,
20100-0.0_nan,
20101-0.0_1.0,
20101-0.0_2.0,
20101-0.0_3.0,
20101-0.0_nan,
20102-0.0_1.0,
20102-0.0_2.0,
20102-0.0_3.0,
20102-0.0_nan,
20107-0.0_-11.0,
20107-0.0_-13.0,
20107-0.0_-17.0,
20107-0.0_1.0,
20107-0.0_10.0,
20107-0.0_11.0,
20107-0.0_12.0,
20107-0.0_13.0,
20107-0.0_2.0,
20107-0.0_3.0,
20107-0.0_4.0,
20107-0.0_6.0,
20107-0.0_8.0,
20107-0.0_9.0,
20107-0.0_nan,
20108-0.0_1.0,
20108-0.0_2.0,
20108-0.0_3.0,
20108-0.0_4.0,
20108-0.0_5.0,
20108-0.0_6.0,
20108-0.0_nan,
20109-0.0_1.0,
20109-0.0_2.0,
20109-0.0_3.0,
20109-0.0_4.0,
20109-0.0_5.0,
20109-0.0_6.0,
20109-0.0_nan,
20110-0.0_-11.0,
20110-0.0_-13.0,
20110-0.0_-17.0,
20110-0.0_1.0,
20110-0.0_10.0,
20110-0.0_11.0,
20110-0.0_12.0,
20110-0.0_2.0,
20110-0.0_3.0,
20110-0.0_4.0,
20110-0.0_5.0,
20110-0.0_6.0,
20110-0.0_8.0,
20110-0.0_9.0,
20110-0.0_nan,
20111-0.0_-11.0,
20111-0.0_-13.0,
20111-0.0_-17.0,
20111-0.0_1.0,
20111-0.0_10.0,
20111-0.0_11.0,
20111-0.0_12.0,
20111-0.0_13.0,
20111-0.0_2.0,
20111-0.0_3.0,
20111-0.0_4.0,
20111-0.0_5.0,
20111-0.0_6.0,
20111-0.0_8.0,
20111-0.0_9.0,
20111-0.0_nan,
20112-0.0_-11.0,
20112-0.0_-17.0,
20112-0.0_1.0,
20112-0.0_10.0,
20112-0.0_11.0,
20112-0.0_12.0,
20112-0.0_13.0,
20112-0.0_2.0,
20112-0.0_3.0,
20112-0.0_4.0,
20112-0.0_6.0,
20112-0.0_8.0,
20112-0.0_9.0,
20112-0.0_nan,
20117-0.0_-3.0,
20117-0.0_0.0,
20117-0.0_1.0,
20117-0.0_2.0,
20118-0.0_3.0,
20118-0.0_4.0,
20118-0.0_5.0,
20118-0.0_6.0,
20118-0.0_7.0,
20118-0.0_8.0,
20118-0.0_nan,
20119-0.0_2.0,
20119-0.0_3.0,
20119-0.0_4.0,
20119-0.0_5.0,
20119-0.0_6.0,
20119-0.0_7.0,
20119-0.0_nan,
20152-0.0_0.0,
20152-0.0_1.0,
20152-0.0_nan,
20160-0.0_0.0,
20160-0.0_1.0,
20160-0.0_nan,
20167-0.0_1.0,
20167-0.0_3.0,
20167-0.0_4.0,
20167-0.0_5.0,
20167-0.0_nan,
20169-0.0_1.0,
20169-0.0_2.0,
20169-0.0_3.0,
20169-0.0_4.0,
20169-0.0_5.0,
20169-0.0_nan,
20171-0.0_1.0,
20171-0.0_2.0,
20171-0.0_3.0,
20171-0.0_4.0,
20171-0.0_5.0,
20171-0.0_nan,
20177-0.0_1.0,
20177-0.0_2.0,
20177-0.0_3.0,
20177-0.0_4.0,
20177-0.0_5.0,
20177-0.0_nan,
20179-0.0_1.0,
20179-0.0_2.0,
20179-0.0_3.0,
20179-0.0_4.0,
20179-0.0_5.0,
20179-0.0_nan,
20181-0.0_1.0,
20181-0.0_2.0,
20181-0.0_3.0,
20181-0.0_4.0,
20181-0.0_5.0,
20181-0.0_nan,
20189-0.0_1.0,
20189-0.0_2.0,
20189-0.0_3.0,
20189-0.0_4.0,
20189-0.0_5.0,
20189-0.0_nan,
20198-0.0_-1.0,
20198-0.0_nan,
20242-0.0_0.0,
20242-0.0_1.0,
20242-0.0_2.0,
20242-0.0_nan,
20262-0.0_0.0,
20262-0.0_1.0,
20262-0.0_2.0,
20262-0.0_nan,
20462-0.0_-121.0,
20462-0.0_-818.0,
20462-0.0_0.0,
20462-0.0_1.0,
20462-0.0_2.0,
20462-0.0_3.0,
20462-0.0_4.0,
20462-0.0_nan,
21000-0.0_-1.0,
21000-0.0_-3.0,
21000-0.0_1.0,
21000-0.0_1001.0,
21000-0.0_1002.0,
21000-0.0_1003.0,
21000-0.0_2.0,
21000-0.0_2001.0,
21000-0.0_2002.0,
21000-0.0_2003.0,
21000-0.0_2004.0,
21000-0.0_3.0,
21000-0.0_3001.0,
21000-0.0_3002.0,
21000-0.0_3003.0,
21000-0.0_3004.0,
21000-0.0_4.0,
21000-0.0_4001.0,
21000-0.0_4002.0,
21000-0.0_4003.0,
21000-0.0_5.0,
21000-0.0_6.0,
22001-0.0_0.0,
22001-0.0_1.0,
22001-0.0_nan,
22018-0.0_1.0,
22018-0.0_2.0,
22018-0.0_nan,
22019-0.0_1.0,
22019-0.0_nan,
22021-0.0_-1.0,
22021-0.0_0.0,
22021-0.0_1.0,
22021-0.0_10.0,
22021-0.0_nan,
22027-0.0_1.0,
22027-0.0_nan,
22028-0.0_0.0,
22028-0.0_1.0,
22028-0.0_nan,
22029-0.0_0.0,
22029-0.0_1.0,
22029-0.0_nan,
22032-0.0_0.0,
22032-0.0_1.0,
22032-0.0_2.0,
22032-0.0_nan,
22051-0.0_0.0,
22051-0.0_1.0,
22051-0.0_nan,
22052-0.0_-1.0,
22052-0.0_0.0,
22052-0.0_1.0,
22052-0.0_nan,
22499-0.0_-818.0,
22499-0.0_1.0,
22499-0.0_2.0,
22499-0.0_3.0,
22499-0.0_4.0,
22499-0.0_5.0,
22499-0.0_6.0,
22499-0.0_nan,
22601-0.0_11113200.0,
22601-0.0_11123211.0,
22601-0.0_11133201.0,
22601-0.0_11143212.0,
22601-0.0_11212692.0,
22601-0.0_11212693.0,
22601-0.0_11222591.0,
22601-0.0_11232861.0,
22601-0.0_11232862.0,
22601-0.0_11313221.0,
22601-0.0_11323222.0,
22601-0.0_11333223.0,
22601-0.0_11343163.0,
22601-0.0_11343224.0,
22601-0.0_11353225.0,
22601-0.0_11363057.0,
22601-0.0_11373019.0,
22601-0.0_11373228.0,
22601-0.0_11412694.0,
22601-0.0_11413229.0,
22601-0.0_11423230.0,
22601-0.0_11423324.0,
22601-0.0_11513250.0,
22601-0.0_11523251.0,
22601-0.0_11612669.0,
22601-0.0_11612671.0,
22601-0.0_11612673.0,
22601-0.0_11612675.0,
22601-0.0_11613348.0,
22601-0.0_11623349.0,
22601-0.0_11633322.0,
22601-0.0_11633326.0,
22601-0.0_11713433.0,
22601-0.0_11723441.0,
22601-0.0_11733439.0,
22601-0.0_11733447.0,
22601-0.0_11733451.0,
22601-0.0_11743454.0,
22601-0.0_11813097.0,
22601-0.0_11833099.0,
22601-0.0_11843115.0,
22601-0.0_11853100.0,
22601-0.0_12112477.0,
22601-0.0_12112485.0,
22601-0.0_12122493.0,
22601-0.0_12192492.0,
22601-0.0_12192515.0,
22601-0.0_12213392.0,
22601-0.0_12223226.0,
22601-0.0_12233383.0,
22601-0.0_12243390.0,
22601-0.0_12253140.0,
22601-0.0_12253173.0,
22601-0.0_12253177.0,
22601-0.0_12263368.0,
22601-0.0_12313231.0,
22601-0.0_12313323.0,
22601-0.0_12322659.0,
22601-0.0_12322938.0,
22601-0.0_12323327.0,
22601-0.0_12333358.0,
22601-0.0_12343321.0,
22601-0.0_12353009.0,
22601-0.0_12392993.0,
22601-0.0_12392994.0,
22601-0.0_12393117.0,
22601-0.0_21113020.0,
22601-0.0_21123021.0,
22601-0.0_21123022.0,
22601-0.0_21133023.0,
22601-0.0_21133024.0,
22601-0.0_21212592.0,
22601-0.0_21212864.0,
22601-0.0_21213038.0,
22601-0.0_21213039.0,
22601-0.0_21222679.0,
22601-0.0_21222865.0,
22601-0.0_21223040.0,
22601-0.0_21232680.0,
22601-0.0_21232866.0,
22601-0.0_21233041.0,
22601-0.0_21242681.0,
22601-0.0_21243042.0,
22601-0.0_21252682.0,
22601-0.0_21253043.0,
22601-0.0_21262683.0,
22601-0.0_21263044.0,
22601-0.0_21272684.0,
22601-0.0_21273045.0,
22601-0.0_21282685.0,
22601-0.0_21282870.0,
22601-0.0_21283046.0,
22601-0.0_21292686.0,
22601-0.0_21292897.0,
22601-0.0_21293047.0,
22601-0.0_21313058.0,
22601-0.0_21323059.0,
22601-0.0_22113066.0,
22601-0.0_22123067.0,
22601-0.0_22133068.0,
22601-0.0_22143069.0,
22601-0.0_22153070.0,
22601-0.0_22162482.0,
22601-0.0_22162508.0,
22601-0.0_22163124.0,
22601-0.0_23113030.0,
22601-0.0_23113399.0,
22601-0.0_23123400.0,
22601-0.0_23133420.0,
22601-0.0_23133421.0,
22601-0.0_23143401.0,
22601-0.0_23153402.0,
22601-0.0_23163403.0,
22601-0.0_23173422.0,
22601-0.0_23193404.0,
22601-0.0_23193405.0,
22601-0.0_23193429.0,
22601-0.0_23193430.0,
22601-0.0_23213026.0,
22601-0.0_23223027.0,
22601-0.0_23223028.0,
22601-0.0_23293029.0,
22601-0.0_23293031.0,
22601-0.0_23293164.0,
22601-0.0_24113277.0,
22601-0.0_24193278.0,
22601-0.0_24213281.0,
22601-0.0_24223282.0,
22601-0.0_24233025.0,
22601-0.0_24233283.0,
22601-0.0_24312597.0,
22601-0.0_24313288.0,
22601-0.0_24323289.0,
22601-0.0_24332598.0,
22601-0.0_24333290.0,
22601-0.0_24342599.0,
22601-0.0_24342600.0,
22601-0.0_24342863.0,
22601-0.0_24343291.0,
22601-0.0_24413202.0,
22601-0.0_24423108.0,
22601-0.0_24433109.0,
22601-0.0_24433449.0,
22601-0.0_24443114.0,
22601-0.0_24513035.0,
22601-0.0_24513314.0,
22601-0.0_24513418.0,
22601-0.0_24513424.0,
22601-0.0_24523036.0,
22601-0.0_24523188.0,
22601-0.0_24523315.0,
22601-0.0_24523426.0,
22601-0.0_31113033.0,
22601-0.0_31113086.0,
22601-0.0_31122687.0,
22601-0.0_31122951.0,
22601-0.0_31123049.0,
22601-0.0_31132688.0,
22601-0.0_31132868.0,
22601-0.0_31133050.0,
22601-0.0_31143051.0,
22601-0.0_31152695.0,
22601-0.0_31153052.0,
22601-0.0_31193034.0,
22601-0.0_31193055.0,
22601-0.0_31213292.0,
22601-0.0_31223293.0,
22601-0.0_31313060.0,
22601-0.0_31323061.0,
22601-0.0_32113072.0,
22601-0.0_32113077.0,
22601-0.0_32123074.0,
22601-0.0_32133075.0,
22601-0.0_32133436.0,
22601-0.0_32143084.0,
22601-0.0_32153081.0,
22601-0.0_32173088.0,
22601-0.0_32183085.0,
22601-0.0_32183089.0,
22601-0.0_32213078.0,
22601-0.0_32223079.0,
22601-0.0_32233080.0,
22601-0.0_32293082.0,
22601-0.0_32293361.0,
22601-0.0_32313110.0,
22601-0.0_32323111.0,
22601-0.0_32323112.0,
22601-0.0_32323113.0,
22601-0.0_32323410.0,
22601-0.0_33113434.0,
22601-0.0_33123442.0,
22601-0.0_33133440.0,
22601-0.0_33143448.0,
22601-0.0_33193444.0,
22601-0.0_33193452.0,
22601-0.0_34113147.0,
22601-0.0_34113148.0,
22601-0.0_34113149.0,
22601-0.0_34123157.0,
22601-0.0_34123158.0,
22601-0.0_34133166.0,
22601-0.0_34133167.0,
22601-0.0_34133171.0,
22601-0.0_34143169.0,
22601-0.0_34153170.0,
22601-0.0_34163176.0,
22601-0.0_34213150.0,
22601-0.0_34223151.0,
22601-0.0_34223152.0,
22601-0.0_34223153.0,
22601-0.0_34223154.0,
22601-0.0_34223155.0,
22601-0.0_34313159.0,
22601-0.0_34323160.0,
22601-0.0_34333162.0,
22601-0.0_34333239.0,
22601-0.0_34343161.0,
22601-0.0_34343186.0,
22601-0.0_34413137.0,
22601-0.0_34423138.0,
22601-0.0_34433141.0,
22601-0.0_35112639.0,
22601-0.0_35122636.0,
22601-0.0_35132647.0,
22601-0.0_35132648.0,
22601-0.0_35132649.0,
22601-0.0_35142624.0,
22601-0.0_35203279.0,
22601-0.0_35313257.0,
22601-0.0_35313264.0,
22601-0.0_35323258.0,
22601-0.0_35323265.0,
22601-0.0_35333259.0,
22601-0.0_35333266.0,
22601-0.0_35343267.0,
22601-0.0_35353268.0,
22601-0.0_35363269.0,
22601-0.0_35373270.0,
22601-0.0_35393175.0,
22601-0.0_35393271.0,
22601-0.0_35413236.0,
22601-0.0_35423237.0,
22601-0.0_35433238.0,
22601-0.0_35443245.0,
22601-0.0_35512494.0,
22601-0.0_35522495.0,
22601-0.0_35613203.0,
22601-0.0_35623207.0,
22601-0.0_35623213.0,
22601-0.0_35623217.0,
22601-0.0_35623232.0,
22601-0.0_35623246.0,
22601-0.0_35623260.0,
22601-0.0_35623273.0,
22601-0.0_35623284.0,
22601-0.0_35632596.0,
22601-0.0_35632698.0,
22601-0.0_35633208.0,
22601-0.0_35633214.0,
22601-0.0_35633218.0,
22601-0.0_35633233.0,
22601-0.0_35633247.0,
22601-0.0_35633261.0,
22601-0.0_35633274.0,
22601-0.0_35643209.0,
22601-0.0_35643219.0,
22601-0.0_35643248.0,
22601-0.0_35653462.0,
22601-0.0_35653463.0,
22601-0.0_35663465.0,
22601-0.0_35672595.0,
22601-0.0_35672697.0,
22601-0.0_35672874.0,
22601-0.0_35673467.0,
22601-0.0_35683468.0,
22601-0.0_41113204.0,
22601-0.0_41123205.0,
22601-0.0_41133206.0,
22601-0.0_41143216.0,
22601-0.0_41213240.0,
22601-0.0_41213252.0,
22601-0.0_41223241.0,
22601-0.0_41223253.0,
22601-0.0_41233184.0,
22601-0.0_41233254.0,
22601-0.0_41313093.0,
22601-0.0_41313256.0,
22601-0.0_41313272.0,
22601-0.0_41313317.0,
22601-0.0_41313427.0,
22601-0.0_41323255.0,
22601-0.0_41333350.0,
22601-0.0_41342670.0,
22601-0.0_41342672.0,
22601-0.0_41342676.0,
22601-0.0_41343351.0,
22601-0.0_41353316.0,
22601-0.0_41353425.0,
22601-0.0_41363318.0,
22601-0.0_41363428.0,
22601-0.0_41373244.0,
22601-0.0_41413308.0,
22601-0.0_41423309.0,
22601-0.0_41423310.0,
22601-0.0_41423445.0,
22601-0.0_41503307.0,
22601-0.0_42113094.0,
22601-0.0_42113298.0,
22601-0.0_42123280.0,
22601-0.0_42123299.0,
22601-0.0_42133300.0,
22601-0.0_42133407.0,
22601-0.0_42133423.0,
22601-0.0_42143301.0,
22601-0.0_42153302.0,
22601-0.0_42163095.0,
22601-0.0_42163303.0,
22601-0.0_42173304.0,
22601-0.0_51112476.0,
22601-0.0_51122486.0,
22601-0.0_51132488.0,
22601-0.0_51192511.0,
22601-0.0_51192514.0,
22601-0.0_51192519.0,
22601-0.0_52112921.0,
22601-0.0_52122922.0,
22601-0.0_52132923.0,
22601-0.0_52142581.0,
22601-0.0_52142924.0,
22601-0.0_52142940.0,
22601-0.0_52152527.0,
22601-0.0_52152541.0,
22601-0.0_52152568.0,
22601-0.0_52152689.0,
22601-0.0_52152925.0,
22601-0.0_52162530.0,
22601-0.0_52162542.0,
22601-0.0_52162857.0,
22601-0.0_52162926.0,
22601-0.0_52212927.0,
22601-0.0_52222928.0,
22601-0.0_52232634.0,
22601-0.0_52232640.0,
22601-0.0_52232641.0,
22601-0.0_52232856.0,
22601-0.0_52232929.0,
22601-0.0_52232930.0,
22601-0.0_52232931.0,
22601-0.0_52232941.0,
22601-0.0_52232942.0,
22601-0.0_52242953.0,
22601-0.0_52242954.0,
22601-0.0_52312660.0,
22601-0.0_52312934.0,
22601-0.0_52322661.0,
22601-0.0_52322935.0,
22601-0.0_52332662.0,
22601-0.0_52332936.0,
22601-0.0_52342805.0,
22601-0.0_52342937.0,
22601-0.0_52412528.0,
22601-0.0_52412543.0,
22601-0.0_52412944.0,
22601-0.0_52422945.0,
22601-0.0_52432946.0,
22601-0.0_52442947.0,
22601-0.0_52443062.0,
22601-0.0_52452948.0,
22601-0.0_52453063.0,
22601-0.0_52492632.0,
22601-0.0_52492949.0,
22601-0.0_52493053.0,
22601-0.0_53112564.0,
22601-0.0_53122524.0,
22601-0.0_53122525.0,
22601-0.0_53122901.0,
22601-0.0_53132526.0,
22601-0.0_53142539.0,
22601-0.0_53142540.0,
22601-0.0_53152529.0,
22601-0.0_53152546.0,
22601-0.0_53152557.0,
22601-0.0_53152939.0,
22601-0.0_53162547.0,
22601-0.0_53192534.0,
22601-0.0_53192549.0,
22601-0.0_53192561.0,
22601-0.0_53192566.0,
22601-0.0_53212552.0,
22601-0.0_53222553.0,
22601-0.0_53232556.0,
22601-0.0_54112877.0,
22601-0.0_54122878.0,
22601-0.0_54132879.0,
22601-0.0_54142880.0,
22601-0.0_54212886.0,
22601-0.0_54222887.0,
22601-0.0_54232888.0,
22601-0.0_54242889.0,
22601-0.0_54312892.0,
22601-0.0_54322893.0,
22601-0.0_54323386.0,
22601-0.0_54342896.0,
22601-0.0_54343385.0,
22601-0.0_54912899.0,
22601-0.0_54912900.0,
22601-0.0_54922904.0,
22601-0.0_54922908.0,
22601-0.0_54932911.0,
22601-0.0_54932912.0,
22601-0.0_54932918.0,
22601-0.0_54932919.0,
22601-0.0_54952914.0,
22601-0.0_54952915.0,
22601-0.0_54952916.0,
22601-0.0_54952917.0,
22601-0.0_54962957.0,
22601-0.0_54992958.0,
22601-0.0_54992959.0,
22601-0.0_54992961.0,
22601-0.0_54992962.0,
22601-0.0_54992964.0,
22601-0.0_61113073.0,
22601-0.0_61133076.0,
22601-0.0_61143103.0,
22601-0.0_61153104.0,
22601-0.0_61213416.0,
22601-0.0_61223105.0,
22601-0.0_61223417.0,
22601-0.0_61233408.0,
22601-0.0_61243409.0,
22601-0.0_61312509.0,
22601-0.0_61313125.0,
22601-0.0_61392517.0,
22601-0.0_61393126.0,
22601-0.0_62113142.0,
22601-0.0_62113181.0,
22601-0.0_62113194.0,
22601-0.0_62113384.0,
22601-0.0_62123369.0,
22601-0.0_62132609.0,
22601-0.0_62133370.0,
22601-0.0_62142638.0,
22601-0.0_62143372.0,
22601-0.0_62152629.0,
22601-0.0_62153375.0,
22601-0.0_62153376.0,
22601-0.0_62192607.0,
22601-0.0_62192650.0,
22601-0.0_62193378.0,
22601-0.0_62193379.0,
22601-0.0_62213359.0,
22601-0.0_62223182.0,
22601-0.0_62223360.0,
22601-0.0_62223366.0,
22601-0.0_62312996.0,
22601-0.0_62322997.0,
22601-0.0_62323000.0,
22601-0.0_62323413.0,
22601-0.0_71113328.0,
22601-0.0_71123329.0,
22601-0.0_71123388.0,
22601-0.0_71133342.0,
22601-0.0_71213337.0,
22601-0.0_71223338.0,
22601-0.0_71233339.0,
22601-0.0_71243340.0,
22601-0.0_71253330.0,
22601-0.0_71293332.0,
22601-0.0_71293335.0,
22601-0.0_71293343.0,
22601-0.0_72113242.0,
22601-0.0_72113341.0,
22601-0.0_72123243.0,
22601-0.0_72123325.0,
22601-0.0_81112700.0,
22601-0.0_81122733.0,
22601-0.0_81132710.0,
22601-0.0_81142711.0,
22601-0.0_81142763.0,
22601-0.0_81152753.0,
22601-0.0_81162743.0,
22601-0.0_81172834.0,
22601-0.0_81182836.0,
22601-0.0_81212774.0,
22601-0.0_81222848.0,
22601-0.0_81232851.0,
22601-0.0_81242853.0,
22601-0.0_81252835.0,
22601-0.0_81262854.0,
22601-0.0_81312794.0,
22601-0.0_81312795.0,
22601-0.0_81322804.0,
22601-0.0_81322815.0,
22601-0.0_81332702.0,
22601-0.0_81332715.0,
22601-0.0_81332735.0,
22601-0.0_81332745.0,
22601-0.0_81332766.0,
22601-0.0_81332797.0,
22601-0.0_81332807.0,
22601-0.0_81332817.0,
22601-0.0_81332826.0,
22601-0.0_81332873.0,
22601-0.0_81342615.0,
22601-0.0_81342704.0,
22601-0.0_81342717.0,
22601-0.0_81342747.0,
22601-0.0_81342768.0,
22601-0.0_81342828.0,
22601-0.0_81342840.0,
22601-0.0_81352808.0,
22601-0.0_81362712.0,
22601-0.0_81372713.0,
22601-0.0_81382703.0,
22601-0.0_81382716.0,
22601-0.0_81382736.0,
22601-0.0_81382767.0,
22601-0.0_81382827.0,
22601-0.0_81382839.0,
22601-0.0_81392707.0,
22601-0.0_81392720.0,
22601-0.0_81392730.0,
22601-0.0_81392740.0,
22601-0.0_81392750.0,
22601-0.0_81392760.0,
22601-0.0_81392771.0,
22601-0.0_81392781.0,
22601-0.0_81392801.0,
22601-0.0_81392812.0,
22601-0.0_81392821.0,
22601-0.0_81392824.0,
22601-0.0_81392831.0,
22601-0.0_81422572.0,
22601-0.0_81422573.0,
22601-0.0_81422589.0,
22601-0.0_81422593.0,
22601-0.0_81492535.0,
22601-0.0_81492537.0,
22601-0.0_81492545.0,
22601-0.0_81492548.0,
22601-0.0_81492555.0,
22601-0.0_82112603.0,
22601-0.0_82113012.0,
22601-0.0_82122605.0,
22601-0.0_82132606.0,
22601-0.0_82142611.0,
22601-0.0_82162625.0,
22601-0.0_82162626.0,
22601-0.0_82162627.0,
22601-0.0_82162633.0,
22601-0.0_82172651.0,
22601-0.0_82182642.0,
22601-0.0_82212533.0,
22601-0.0_82222618.0,
22601-0.0_82232479.0,
22601-0.0_82232489.0,
22601-0.0_82292532.0,
22601-0.0_82292620.0,
22601-0.0_82292852.0,
22601-0.0_91112478.0,
22601-0.0_91122491.0,
22601-0.0_91192481.0,
22601-0.0_91192487.0,
22601-0.0_91192513.0,
22601-0.0_91212536.0,
22601-0.0_91212550.0,
22601-0.0_91212562.0,
22601-0.0_91212570.0,
22601-0.0_91292584.0,
22601-0.0_91292585.0,
22601-0.0_91322719.0,
22601-0.0_91322968.0,
22601-0.0_91322978.0,
22601-0.0_91322983.0,
22601-0.0_91332890.0,
22601-0.0_91342701.0,
22601-0.0_91342714.0,
22601-0.0_91342744.0,
22601-0.0_91342765.0,
22601-0.0_91342775.0,
22601-0.0_91342825.0,
22601-0.0_91392708.0,
22601-0.0_91392721.0,
22601-0.0_91392731.0,
22601-0.0_91392741.0,
22601-0.0_91392751.0,
22601-0.0_91392761.0,
22601-0.0_91392772.0,
22601-0.0_91392782.0,
22601-0.0_91392792.0,
22601-0.0_91392802.0,
22601-0.0_91392813.0,
22601-0.0_91392822.0,
22601-0.0_91392832.0,
22601-0.0_91392845.0,
22601-0.0_91392859.0,
22601-0.0_91492705.0,
22601-0.0_91492718.0,
22601-0.0_91492738.0,
22601-0.0_91492748.0,
22601-0.0_91492779.0,
22601-0.0_91492799.0,
22601-0.0_91492810.0,
22601-0.0_91492819.0,
22601-0.0_91492829.0,
22601-0.0_91492841.0,
22601-0.0_91493353.0,
22601-0.0_91493354.0,
22601-0.0_91493355.0,
22601-0.0_92113311.0,
22601-0.0_92113352.0,
22601-0.0_92193312.0,
22601-0.0_92213002.0,
22601-0.0_92213091.0,
22601-0.0_92223001.0,
22601-0.0_92223394.0,
22601-0.0_92233387.0,
22601-0.0_92233412.0,
22601-0.0_92243389.0,
22601-0.0_92253391.0,
22601-0.0_92263187.0,
22601-0.0_92263197.0,
22601-0.0_92263393.0,
22601-0.0_92293183.0,
22601-0.0_92293185.0,
22601-0.0_92332610.0,
22601-0.0_92332630.0,
22601-0.0_92332653.0,
22601-0.0_92332985.0,
22601-0.0_92332986.0,
22601-0.0_92333396.0,
22601-0.0_92342992.0,
22601-0.0_92353008.0,
22601-0.0_92413333.0,
22601-0.0_92413455.0,
22601-0.0_92443411.0,
22601-0.0_92493196.0,
22601-0.0_92513331.0,
22601-0.0_92593334.0,
22601-0.0_92593346.0,
22601-0.0_nan,
22607-0.0_-121.0,
22607-0.0_-131.0,
22607-0.0_-141.0,
22607-0.0_0.0,
22607-0.0_nan,
22608-0.0_-121.0,
22608-0.0_-131.0,
22608-0.0_-141.0,
22608-0.0_0.0,
22608-0.0_nan,
22609-0.0_-121.0,
22609-0.0_-131.0,
22609-0.0_-141.0,
22609-0.0_0.0,
22609-0.0_nan,
22610-0.0_-121.0,
22610-0.0_-131.0,
22610-0.0_-141.0,
22610-0.0_0.0,
22610-0.0_nan,
22611-0.0_-121.0,
22611-0.0_-131.0,
22611-0.0_-141.0,
22611-0.0_0.0,
22611-0.0_nan,
22612-0.0_-121.0,
22612-0.0_-131.0,
22612-0.0_-141.0,
22612-0.0_0.0,
22612-0.0_nan,
22617-0.0_1111.0,
22617-0.0_1112.0,
22617-0.0_1113.0,
22617-0.0_1114.0,
22617-0.0_1121.0,
22617-0.0_1122.0,
22617-0.0_1123.0,
22617-0.0_1131.0,
22617-0.0_1132.0,
22617-0.0_1133.0,
22617-0.0_1134.0,
22617-0.0_1135.0,
22617-0.0_1136.0,
22617-0.0_1137.0,
22617-0.0_1141.0,
22617-0.0_1142.0,
22617-0.0_1151.0,
22617-0.0_1152.0,
22617-0.0_1161.0,
22617-0.0_1162.0,
22617-0.0_1163.0,
22617-0.0_1171.0,
22617-0.0_1172.0,
22617-0.0_1173.0,
22617-0.0_1174.0,
22617-0.0_1181.0,
22617-0.0_1183.0,
22617-0.0_1184.0,
22617-0.0_1185.0,
22617-0.0_1211.0,
22617-0.0_1212.0,
22617-0.0_1219.0,
22617-0.0_1221.0,
22617-0.0_1222.0,
22617-0.0_1223.0,
22617-0.0_1224.0,
22617-0.0_1225.0,
22617-0.0_1226.0,
22617-0.0_1231.0,
22617-0.0_1232.0,
22617-0.0_1233.0,
22617-0.0_1234.0,
22617-0.0_1235.0,
22617-0.0_1239.0,
22617-0.0_2111.0,
22617-0.0_2112.0,
22617-0.0_2113.0,
22617-0.0_2121.0,
22617-0.0_2122.0,
22617-0.0_2123.0,
22617-0.0_2124.0,
22617-0.0_2125.0,
22617-0.0_2126.0,
22617-0.0_2127.0,
22617-0.0_2128.0,
22617-0.0_2129.0,
22617-0.0_2131.0,
22617-0.0_2132.0,
22617-0.0_2211.0,
22617-0.0_2212.0,
22617-0.0_2213.0,
22617-0.0_2214.0,
22617-0.0_2215.0,
22617-0.0_2216.0,
22617-0.0_2311.0,
22617-0.0_2312.0,
22617-0.0_2313.0,
22617-0.0_2314.0,
22617-0.0_2315.0,
22617-0.0_2316.0,
22617-0.0_2317.0,
22617-0.0_2319.0,
22617-0.0_2321.0,
22617-0.0_2322.0,
22617-0.0_2329.0,
22617-0.0_2411.0,
22617-0.0_2419.0,
22617-0.0_2421.0,
22617-0.0_2422.0,
22617-0.0_2423.0,
22617-0.0_2431.0,
22617-0.0_2432.0,
22617-0.0_2433.0,
22617-0.0_2434.0,
22617-0.0_2441.0,
22617-0.0_2442.0,
22617-0.0_2443.0,
22617-0.0_2444.0,
22617-0.0_2451.0,
22617-0.0_2452.0,
22617-0.0_3111.0,
22617-0.0_3112.0,
22617-0.0_3113.0,
22617-0.0_3114.0,
22617-0.0_3115.0,
22617-0.0_3119.0,
22617-0.0_3121.0,
22617-0.0_3122.0,
22617-0.0_3131.0,
22617-0.0_3132.0,
22617-0.0_3211.0,
22617-0.0_3212.0,
22617-0.0_3213.0,
22617-0.0_3214.0,
22617-0.0_3215.0,
22617-0.0_3217.0,
22617-0.0_3218.0,
22617-0.0_3221.0,
22617-0.0_3222.0,
22617-0.0_3223.0,
22617-0.0_3229.0,
22617-0.0_3231.0,
22617-0.0_3232.0,
22617-0.0_3311.0,
22617-0.0_3312.0,
22617-0.0_3313.0,
22617-0.0_3314.0,
22617-0.0_3319.0,
22617-0.0_3411.0,
22617-0.0_3412.0,
22617-0.0_3413.0,
22617-0.0_3414.0,
22617-0.0_3415.0,
22617-0.0_3416.0,
22617-0.0_3421.0,
22617-0.0_3422.0,
22617-0.0_3431.0,
22617-0.0_3432.0,
22617-0.0_3433.0,
22617-0.0_3434.0,
22617-0.0_3441.0,
22617-0.0_3442.0,
22617-0.0_3443.0,
22617-0.0_3511.0,
22617-0.0_3512.0,
22617-0.0_3513.0,
22617-0.0_3514.0,
22617-0.0_3520.0,
22617-0.0_3531.0,
22617-0.0_3532.0,
22617-0.0_3533.0,
22617-0.0_3534.0,
22617-0.0_3535.0,
22617-0.0_3536.0,
22617-0.0_3537.0,
22617-0.0_3539.0,
22617-0.0_3541.0,
22617-0.0_3542.0,
22617-0.0_3543.0,
22617-0.0_3544.0,
22617-0.0_3551.0,
22617-0.0_3552.0,
22617-0.0_3561.0,
22617-0.0_3562.0,
22617-0.0_3563.0,
22617-0.0_3564.0,
22617-0.0_3565.0,
22617-0.0_3566.0,
22617-0.0_3567.0,
22617-0.0_3568.0,
22617-0.0_4111.0,
22617-0.0_4112.0,
22617-0.0_4113.0,
22617-0.0_4114.0,
22617-0.0_4121.0,
22617-0.0_4122.0,
22617-0.0_4123.0,
22617-0.0_4131.0,
22617-0.0_4132.0,
22617-0.0_4133.0,
22617-0.0_4134.0,
22617-0.0_4135.0,
22617-0.0_4136.0,
22617-0.0_4137.0,
22617-0.0_4141.0,
22617-0.0_4142.0,
22617-0.0_4150.0,
22617-0.0_4211.0,
22617-0.0_4212.0,
22617-0.0_4213.0,
22617-0.0_4214.0,
22617-0.0_4215.0,
22617-0.0_4216.0,
22617-0.0_4217.0,
22617-0.0_5111.0,
22617-0.0_5112.0,
22617-0.0_5113.0,
22617-0.0_5119.0,
22617-0.0_5211.0,
22617-0.0_5212.0,
22617-0.0_5213.0,
22617-0.0_5214.0,
22617-0.0_5215.0,
22617-0.0_5216.0,
22617-0.0_5221.0,
22617-0.0_5222.0,
22617-0.0_5223.0,
22617-0.0_5224.0,
22617-0.0_5231.0,
22617-0.0_5232.0,
22617-0.0_5233.0,
22617-0.0_5234.0,
22617-0.0_5241.0,
22617-0.0_5242.0,
22617-0.0_5243.0,
22617-0.0_5244.0,
22617-0.0_5245.0,
22617-0.0_5249.0,
22617-0.0_5311.0,
22617-0.0_5312.0,
22617-0.0_5313.0,
22617-0.0_5314.0,
22617-0.0_5315.0,
22617-0.0_5316.0,
22617-0.0_5319.0,
22617-0.0_5321.0,
22617-0.0_5322.0,
22617-0.0_5323.0,
22617-0.0_5411.0,
22617-0.0_5412.0,
22617-0.0_5413.0,
22617-0.0_5414.0,
22617-0.0_5421.0,
22617-0.0_5422.0,
22617-0.0_5423.0,
22617-0.0_5424.0,
22617-0.0_5431.0,
22617-0.0_5432.0,
22617-0.0_5434.0,
22617-0.0_5491.0,
22617-0.0_5492.0,
22617-0.0_5493.0,
22617-0.0_5495.0,
22617-0.0_5496.0,
22617-0.0_5499.0,
22617-0.0_6111.0,
22617-0.0_6113.0,
22617-0.0_6114.0,
22617-0.0_6115.0,
22617-0.0_6121.0,
22617-0.0_6122.0,
22617-0.0_6123.0,
22617-0.0_6124.0,
22617-0.0_6131.0,
22617-0.0_6139.0,
22617-0.0_6211.0,
22617-0.0_6212.0,
22617-0.0_6213.0,
22617-0.0_6214.0,
22617-0.0_6215.0,
22617-0.0_6219.0,
22617-0.0_6221.0,
22617-0.0_6222.0,
22617-0.0_6231.0,
22617-0.0_6232.0,
22617-0.0_7111.0,
22617-0.0_7112.0,
22617-0.0_7113.0,
22617-0.0_7121.0,
22617-0.0_7122.0,
22617-0.0_7123.0,
22617-0.0_7124.0,
22617-0.0_7125.0,
22617-0.0_7129.0,
22617-0.0_7211.0,
22617-0.0_7212.0,
22617-0.0_8111.0,
22617-0.0_8112.0,
22617-0.0_8113.0,
22617-0.0_8114.0,
22617-0.0_8115.0,
22617-0.0_8116.0,
22617-0.0_8117.0,
22617-0.0_8118.0,
22617-0.0_8121.0,
22617-0.0_8122.0,
22617-0.0_8123.0,
22617-0.0_8124.0,
22617-0.0_8125.0,
22617-0.0_8126.0,
22617-0.0_8131.0,
22617-0.0_8132.0,
22617-0.0_8133.0,
22617-0.0_8134.0,
22617-0.0_8135.0,
22617-0.0_8136.0,
22617-0.0_8137.0,
22617-0.0_8138.0,
22617-0.0_8139.0,
22617-0.0_8142.0,
22617-0.0_8149.0,
22617-0.0_8211.0,
22617-0.0_8212.0,
22617-0.0_8213.0,
22617-0.0_8214.0,
22617-0.0_8216.0,
22617-0.0_8217.0,
22617-0.0_8218.0,
22617-0.0_8221.0,
22617-0.0_8222.0,
22617-0.0_8223.0,
22617-0.0_8229.0,
22617-0.0_9111.0,
22617-0.0_9112.0,
22617-0.0_9119.0,
22617-0.0_9121.0,
22617-0.0_9129.0,
22617-0.0_9132.0,
22617-0.0_9133.0,
22617-0.0_9134.0,
22617-0.0_9139.0,
22617-0.0_9149.0,
22617-0.0_9211.0,
22617-0.0_9219.0,
22617-0.0_9221.0,
22617-0.0_9222.0,
22617-0.0_9223.0,
22617-0.0_9224.0,
22617-0.0_9225.0,
22617-0.0_9226.0,
22617-0.0_9229.0,
22617-0.0_9233.0,
22617-0.0_9234.0,
22617-0.0_9235.0,
22617-0.0_9241.0,
22617-0.0_9244.0,
22617-0.0_9249.0,
22617-0.0_9251.0,
22617-0.0_9259.0,
22617-0.0_nan,
22618-0.0_0.0,
22618-0.0_1.0,
22618-0.0_nan,
22619-0.0_0.0,
22619-0.0_1.0,
22619-0.0_nan,
22620-0.0_0.0,
22620-0.0_1.0,
22620-0.0_nan,
22640-0.0_0.0,
22640-0.0_1.0,
22640-0.0_9.0,
22640-0.0_nan,
22650-0.0_0.0,
22650-0.0_1.0,
22650-0.0_9.0,
22650-0.0_nan,
22660-0.0_-121.0,
22660-0.0_-717.0,
22660-0.0_-818.0,
22660-0.0_101.0,
22660-0.0_102.0,
22660-0.0_103.0,
22660-0.0_105.0,
22660-0.0_106.0,
22660-0.0_107.0,
22660-0.0_108.0,
22660-0.0_nan,
22682-0.0_1.0,
22682-0.0_2.0,
22682-0.0_nan,
23049-0.0_1.0,
23049-0.0_2.0,
23049-0.0_nan,
23050-0.0_0.0,
23050-0.0_1.0,
23050-0.0_nan,
23051-0.0_0.0,
23051-0.0_1.0,
23051-0.0_nan,
23052-0.0_0.0,
23052-0.0_1.0,
23052-0.0_nan,
23057-0.0_0.0,
23057-0.0_1.0,
23057-0.0_nan,
23058-0.0_0.0,
23058-0.0_1.0,
23058-0.0_nan,
23059-0.0_0.0,
23059-0.0_1.0,
23059-0.0_nan,
23060-0.0_0.0,
23060-0.0_1.0,
23060-0.0_nan,
23061-0.0_0.0,
23061-0.0_1.0,
23061-0.0_nan,
23062-0.0_0.0,
23062-0.0_1.0,
23062-0.0_nan,
23067-0.0_0.0,
23067-0.0_1.0,
23067-0.0_nan,
23068-0.0_0.0,
23068-0.0_1.0,
23068-0.0_nan,
23069-0.0_0.0,
23069-0.0_1.0,
23069-0.0_nan,
23070-0.0_0.0,
23070-0.0_1.0,
23070-0.0_nan,
23071-0.0_0.0,
23071-0.0_1.0,
23071-0.0_nan,
23072-0.0_1.0,
23072-0.0_2.0,
23072-0.0_3.0,
23072-0.0_4.0,
23072-0.0_5.0,
23072-0.0_nan,
30602-0.0_0.0,
30602-0.0_1.0,
30602-0.0_2.0,
30602-0.0_3.0,
30602-0.0_4.0,
30602-0.0_nan,
30612-0.0_0.0,
30612-0.0_1.0,
30612-0.0_2.0,
30612-0.0_3.0,
30612-0.0_4.0,
30612-0.0_nan,
30622-0.0_0.0,
30622-0.0_1.0,
30622-0.0_2.0,
30622-0.0_3.0,
30622-0.0_4.0,
30622-0.0_nan,
30632-0.0_0.0,
30632-0.0_1.0,
30632-0.0_2.0,
30632-0.0_3.0,
30632-0.0_4.0,
30632-0.0_nan,
30642-0.0_0.0,
30642-0.0_1.0,
30642-0.0_2.0,
30642-0.0_3.0,
30642-0.0_4.0,
30642-0.0_nan,
30652-0.0_0.0,
30652-0.0_1.0,
30652-0.0_2.0,
30652-0.0_3.0,
30652-0.0_4.0,
30652-0.0_nan,
30662-0.0_0.0,
30662-0.0_1.0,
30662-0.0_2.0,
30662-0.0_3.0,
30662-0.0_4.0,
30662-0.0_nan,
30672-0.0_0.0,
30672-0.0_1.0,
30672-0.0_2.0,
30672-0.0_3.0,
30672-0.0_4.0,
30672-0.0_nan,
30682-0.0_0.0,
30682-0.0_1.0,
30682-0.0_2.0,
30682-0.0_3.0,
30682-0.0_4.0,
30682-0.0_nan,
30702-0.0_0.0,
30702-0.0_1.0,
30702-0.0_2.0,
30702-0.0_3.0,
30702-0.0_4.0,
30702-0.0_nan,
30712-0.0_0.0,
30712-0.0_1.0,
30712-0.0_2.0,
30712-0.0_3.0,
30712-0.0_4.0,
30712-0.0_nan,
30722-0.0_0.0,
30722-0.0_1.0,
30722-0.0_2.0,
30722-0.0_3.0,
30722-0.0_4.0,
30722-0.0_nan,
30732-0.0_0.0,
30732-0.0_1.0,
30732-0.0_2.0,
30732-0.0_3.0,
30732-0.0_4.0,
30732-0.0_nan,
30742-0.0_0.0,
30742-0.0_1.0,
30742-0.0_2.0,
30742-0.0_3.0,
30742-0.0_4.0,
30742-0.0_nan,
30762-0.0_0.0,
30762-0.0_1.0,
30762-0.0_2.0,
30762-0.0_3.0,
30762-0.0_4.0,
30762-0.0_nan,
30772-0.0_0.0,
30772-0.0_1.0,
30772-0.0_2.0,
30772-0.0_3.0,
30772-0.0_4.0,
30772-0.0_nan,
30782-0.0_0.0,
30782-0.0_1.0,
30782-0.0_2.0,
30782-0.0_3.0,
30782-0.0_4.0,
30782-0.0_nan,
30802-0.0_0.0,
30802-0.0_1.0,
30802-0.0_2.0,
30802-0.0_3.0,
30802-0.0_4.0,
30802-0.0_nan,
30812-0.0_0.0,
30812-0.0_1.0,
30812-0.0_2.0,
30812-0.0_3.0,
30812-0.0_4.0,
30812-0.0_nan,
30822-0.0_0.0,
30822-0.0_1.0,
30822-0.0_2.0,
30822-0.0_3.0,
30822-0.0_4.0,
30822-0.0_nan,
30832-0.0_0.0,
30832-0.0_1.0,
30832-0.0_2.0,
30832-0.0_3.0,
30832-0.0_4.0,
30832-0.0_nan,
30842-0.0_0.0,
30842-0.0_1.0,
30842-0.0_2.0,
30842-0.0_3.0,
30842-0.0_4.0,
30842-0.0_nan,
30852-0.0_0.0,
30852-0.0_1.0,
30852-0.0_2.0,
30852-0.0_3.0,
30852-0.0_4.0,
30852-0.0_nan,
30862-0.0_0.0,
30862-0.0_1.0,
30862-0.0_2.0,
30862-0.0_3.0,
30862-0.0_4.0,
30862-0.0_nan,
30872-0.0_0.0,
30872-0.0_1.0,
30872-0.0_2.0,
30872-0.0_3.0,
30872-0.0_4.0,
30872-0.0_nan,
30882-0.0_0.0,
30882-0.0_1.0,
30882-0.0_2.0,
30882-0.0_3.0,
30882-0.0_4.0,
30882-0.0_nan,
90002-0.0_1.0,
90002-0.0_2.0,
90002-0.0_nan,
90017-0.0_0.0,
90017-0.0_1.0,
90017-0.0_nan,
90018-0.0_0.0,
90018-0.0_1.0,
90018-0.0_nan,
100010-0.0_10.0,
100010-0.0_15.0,
100010-0.0_5.0,
100010-0.0_nan,
100020-0.0_0.0,
100020-0.0_1.0,
100020-0.0_nan,
100150-0.0_1.0,
100150-0.0_2.0,
100150-0.0_3.0,
100150-0.0_4.0,
100150-0.0_5.0,
100150-0.0_555.0,
100150-0.0_600.0,
100150-0.0_nan,
100160-0.0_1.0,
100160-0.0_2.0,
100160-0.0_3.0,
100160-0.0_4.0,
100160-0.0_5.0,
100160-0.0_555.0,
100160-0.0_600.0,
100160-0.0_nan,
100170-0.0_1.0,
100170-0.0_2.0,
100170-0.0_3.0,
100170-0.0_4.0,
100170-0.0_5.0,
100170-0.0_555.0,
100170-0.0_600.0,
100170-0.0_nan,
100180-0.0_1.0,
100180-0.0_2.0,
100180-0.0_3.0,
100180-0.0_4.0,
100180-0.0_5.0,
100180-0.0_555.0,
100180-0.0_600.0,
100180-0.0_nan,
100200-0.0_1.0,
100200-0.0_2.0,
100200-0.0_3.0,
100200-0.0_4.0,
100200-0.0_5.0,
100200-0.0_555.0,
100200-0.0_nan,
100210-0.0_1.0,
100210-0.0_2.0,
100210-0.0_3.0,
100210-0.0_4.0,
100210-0.0_5.0,
100210-0.0_555.0,
100210-0.0_600.0,
100210-0.0_nan,
100220-0.0_1.0,
100220-0.0_2.0,
100220-0.0_3.0,
100220-0.0_5.0,
100220-0.0_555.0,
100220-0.0_600.0,
100220-0.0_nan,
100230-0.0_1.0,
100230-0.0_2.0,
100230-0.0_3.0,
100230-0.0_4.0,
100230-0.0_5.0,
100230-0.0_555.0,
100230-0.0_600.0,
100230-0.0_nan,
100240-0.0_0.0,
100240-0.0_1.0,
100240-0.0_nan,
100250-0.0_1.0,
100250-0.0_2.0,
100250-0.0_3.0,
100250-0.0_4.0,
100250-0.0_5.0,
100250-0.0_555.0,
100250-0.0_600.0,
100250-0.0_nan,
100260-0.0_1.0,
100260-0.0_111.0,
100260-0.0_nan,
100270-0.0_1.0,
100270-0.0_2.0,
100270-0.0_3.0,
100270-0.0_4.0,
100270-0.0_5.0,
100270-0.0_555.0,
100270-0.0_600.0,
100270-0.0_nan,
100280-0.0_1.0,
100280-0.0_111.0,
100280-0.0_nan,
100290-0.0_1.0,
100290-0.0_2.0,
100290-0.0_3.0,
100290-0.0_4.0,
100290-0.0_5.0,
100290-0.0_555.0,
100290-0.0_600.0,
100290-0.0_nan,
100300-0.0_1.0,
100300-0.0_2.0,
100300-0.0_3.0,
100300-0.0_4.0,
100300-0.0_5.0,
100300-0.0_555.0,
100300-0.0_600.0,
100300-0.0_nan,
100310-0.0_1.0,
100310-0.0_2.0,
100310-0.0_3.0,
100310-0.0_4.0,
100310-0.0_5.0,
100310-0.0_555.0,
100310-0.0_600.0,
100310-0.0_nan,
100320-0.0_1.0,
100320-0.0_111.0,
100320-0.0_nan,
100330-0.0_1.0,
100330-0.0_2.0,
100330-0.0_3.0,
100330-0.0_4.0,
100330-0.0_5.0,
100330-0.0_555.0,
100330-0.0_600.0,
100330-0.0_nan,
100350-0.0_1.0,
100350-0.0_111.0,
100350-0.0_nan,
100360-0.0_1.0,
100360-0.0_111.0,
100360-0.0_nan,
100370-0.0_1.0,
100370-0.0_111.0,
100370-0.0_2.0,
100370-0.0_300.0,
100370-0.0_555.0,
100370-0.0_nan,
100380-0.0_1.0,
100380-0.0_111.0,
100380-0.0_2.0,
100380-0.0_300.0,
100380-0.0_555.0,
100380-0.0_nan,
100390-0.0_0.0,
100390-0.0_1.0,
100390-0.0_nan,
100400-0.0_1.0,
100400-0.0_2.0,
100400-0.0_3.0,
100400-0.0_4.0,
100400-0.0_5.0,
100400-0.0_600.0,
100400-0.0_nan,
100410-0.0_1.0,
100410-0.0_2.0,
100410-0.0_3.0,
100410-0.0_4.0,
100410-0.0_5.0,
100410-0.0_600.0,
100410-0.0_nan,
100420-0.0_1.0,
100420-0.0_2.0,
100420-0.0_3.0,
100420-0.0_4.0,
100420-0.0_5.0,
100420-0.0_600.0,
100420-0.0_nan,
100430-0.0_1.0,
100430-0.0_2.0,
100430-0.0_3.0,
100430-0.0_4.0,
100430-0.0_5.0,
100430-0.0_600.0,
100430-0.0_nan,
100440-0.0_1.0,
100440-0.0_2.0,
100440-0.0_3.0,
100440-0.0_4.0,
100440-0.0_5.0,
100440-0.0_600.0,
100440-0.0_nan,
100460-0.0_1.0,
100460-0.0_111.0,
100460-0.0_nan,
100470-0.0_1.0,
100470-0.0_111.0,
100470-0.0_nan,
100480-0.0_1.0,
100480-0.0_111.0,
100480-0.0_nan,
100490-0.0_1.0,
100490-0.0_111.0,
100490-0.0_2.0,
100490-0.0_300.0,
100490-0.0_555.0,
100490-0.0_nan,
100500-0.0_1.0,
100500-0.0_111.0,
100500-0.0_2.0,
100500-0.0_300.0,
100500-0.0_555.0,
100500-0.0_nan,
100510-0.0_0.0,
100510-0.0_1.0,
100510-0.0_nan,
100520-0.0_1.0,
100520-0.0_2.0,
100520-0.0_3.0,
100520-0.0_4.0,
100520-0.0_5.0,
100520-0.0_555.0,
100520-0.0_600.0,
100520-0.0_nan,
100530-0.0_1.0,
100530-0.0_2.0,
100530-0.0_3.0,
100530-0.0_4.0,
100530-0.0_555.0,
100530-0.0_nan,
100540-0.0_1.0,
100540-0.0_2.0,
100540-0.0_3.0,
100540-0.0_4.0,
100540-0.0_5.0,
100540-0.0_555.0,
100540-0.0_nan,
100550-0.0_1.0,
100550-0.0_2.0,
100550-0.0_3.0,
100550-0.0_4.0,
100550-0.0_5.0,
100550-0.0_555.0,
100550-0.0_600.0,
100550-0.0_nan,
100560-0.0_1.0,
100560-0.0_2.0,
100560-0.0_3.0,
100560-0.0_4.0,
100560-0.0_5.0,
100560-0.0_555.0,
100560-0.0_600.0,
100560-0.0_nan,
100580-0.0_0.0,
100580-0.0_1.0,
100580-0.0_nan,
100590-0.0_1.0,
100590-0.0_2.0,
100590-0.0_3.0,
100590-0.0_4.0,
100590-0.0_5.0,
100590-0.0_555.0,
100590-0.0_600.0,
100590-0.0_nan,
100670-0.0_1.0,
100670-0.0_2.0,
100670-0.0_3.0,
100670-0.0_4.0,
100670-0.0_5.0,
100670-0.0_555.0,
100670-0.0_600.0,
100670-0.0_nan,
100710-0.0_1.0,
100710-0.0_2.0,
100710-0.0_3.0,
100710-0.0_4.0,
100710-0.0_5.0,
100710-0.0_555.0,
100710-0.0_600.0,
100710-0.0_nan,
100720-0.0_1.0,
100720-0.0_2.0,
100720-0.0_3.0,
100720-0.0_4.0,
100720-0.0_5.0,
100720-0.0_555.0,
100720-0.0_600.0,
100720-0.0_nan,
100730-0.0_1.0,
100730-0.0_2.0,
100730-0.0_3.0,
100730-0.0_4.0,
100730-0.0_5.0,
100730-0.0_555.0,
100730-0.0_600.0,
100730-0.0_nan,
100740-0.0_1.0,
100740-0.0_2.0,
100740-0.0_3.0,
100740-0.0_4.0,
100740-0.0_5.0,
100740-0.0_555.0,
100740-0.0_600.0,
100740-0.0_nan,
100760-0.0_0.0,
100760-0.0_1.0,
100760-0.0_nan,
100770-0.0_1.0,
100770-0.0_200.0,
100770-0.0_555.0,
100770-0.0_nan,
100800-0.0_1.0,
100800-0.0_200.0,
100800-0.0_555.0,
100800-0.0_nan,
100810-0.0_1.0,
100810-0.0_200.0,
100810-0.0_555.0,
100810-0.0_nan,
100820-0.0_1.0,
100820-0.0_200.0,
100820-0.0_555.0,
100820-0.0_nan,
100830-0.0_1.0,
100830-0.0_200.0,
100830-0.0_555.0,
100830-0.0_nan,
100840-0.0_1.0,
100840-0.0_200.0,
100840-0.0_555.0,
100840-0.0_nan,
100850-0.0_1.0,
100850-0.0_200.0,
100850-0.0_555.0,
100850-0.0_nan,
100860-0.0_1.0,
100860-0.0_200.0,
100860-0.0_555.0,
100860-0.0_nan,
100880-0.0_1.0,
100880-0.0_111.0,
100880-0.0_nan,
100890-0.0_1.0,
100890-0.0_111.0,
100890-0.0_nan,
100900-0.0_1.0,
100900-0.0_111.0,
100900-0.0_2.0,
100900-0.0_300.0,
100900-0.0_555.0,
100900-0.0_nan,
100910-0.0_1.0,
100910-0.0_111.0,
100910-0.0_2.0,
100910-0.0_300.0,
100910-0.0_555.0,
100910-0.0_nan,
100920-0.0_0.0,
100920-0.0_2102.0,
100920-0.0_2103.0,
100920-0.0_2104.0,
100920-0.0_2105.0,
100920-0.0_2106.0,
100920-0.0_2107.0,
100920-0.0_2108.0,
100920-0.0_2109.0,
100920-0.0_2110.0,
100920-0.0_2199.0,
100920-0.0_222.0,
100920-0.0_nan,
100940-0.0_0.0,
100940-0.0_1.0,
100940-0.0_nan,
100950-0.0_1.0,
100950-0.0_2.0,
100950-0.0_3.0,
100950-0.0_4.0,
100950-0.0_5.0,
100950-0.0_555.0,
100950-0.0_600.0,
100950-0.0_nan,
101020-0.0_1.0,
101020-0.0_2.0,
101020-0.0_3.0,
101020-0.0_4.0,
101020-0.0_5.0,
101020-0.0_555.0,
101020-0.0_600.0,
101020-0.0_nan,
101090-0.0_1.0,
101090-0.0_2.0,
101090-0.0_3.0,
101090-0.0_4.0,
101090-0.0_5.0,
101090-0.0_555.0,
101090-0.0_600.0,
101090-0.0_nan,
101160-0.0_1.0,
101160-0.0_2.0,
101160-0.0_3.0,
101160-0.0_4.0,
101160-0.0_5.0,
101160-0.0_555.0,
101160-0.0_600.0,
101160-0.0_nan,
101230-0.0_1.0,
101230-0.0_2.0,
101230-0.0_3.0,
101230-0.0_4.0,
101230-0.0_5.0,
101230-0.0_555.0,
101230-0.0_600.0,
101230-0.0_nan,
101240-0.0_1.0,
101240-0.0_2.0,
101240-0.0_3.0,
101240-0.0_4.0,
101240-0.0_5.0,
101240-0.0_555.0,
101240-0.0_600.0,
101240-0.0_nan,
101250-0.0_1.0,
101250-0.0_2.0,
101250-0.0_3.0,
101250-0.0_4.0,
101250-0.0_5.0,
101250-0.0_555.0,
101250-0.0_600.0,
101250-0.0_nan,
101260-0.0_1.0,
101260-0.0_2.0,
101260-0.0_3.0,
101260-0.0_4.0,
101260-0.0_5.0,
101260-0.0_555.0,
101260-0.0_600.0,
101260-0.0_nan,
101270-0.0_1.0,
101270-0.0_2.0,
101270-0.0_3.0,
101270-0.0_4.0,
101270-0.0_5.0,
101270-0.0_555.0,
101270-0.0_600.0,
101270-0.0_nan,
101300-0.0_1.0,
101300-0.0_nan,
101310-0.0_1.0,
101310-0.0_2.0,
101310-0.0_3.0,
101310-0.0_4.0,
101310-0.0_5.0,
101310-0.0_555.0,
101310-0.0_600.0,
101310-0.0_nan,
101350-0.0_1.0,
101350-0.0_2.0,
101350-0.0_3.0,
101350-0.0_4.0,
101350-0.0_5.0,
101350-0.0_555.0,
101350-0.0_600.0,
101350-0.0_nan,
101390-0.0_1.0,
101390-0.0_2.0,
101390-0.0_3.0,
101390-0.0_4.0,
101390-0.0_555.0,
101390-0.0_600.0,
101390-0.0_nan,
101430-0.0_1.0,
101430-0.0_2.0,
101430-0.0_3.0,
101430-0.0_4.0,
101430-0.0_5.0,
101430-0.0_555.0,
101430-0.0_600.0,
101430-0.0_nan,
101470-0.0_1.0,
101470-0.0_2.0,
101470-0.0_3.0,
101470-0.0_4.0,
101470-0.0_5.0,
101470-0.0_555.0,
101470-0.0_600.0,
101470-0.0_nan,
101510-0.0_1.0,
101510-0.0_2.0,
101510-0.0_3.0,
101510-0.0_4.0,
101510-0.0_5.0,
101510-0.0_555.0,
101510-0.0_600.0,
101510-0.0_nan,
101550-0.0_1.0,
101550-0.0_2.0,
101550-0.0_3.0,
101550-0.0_4.0,
101550-0.0_5.0,
101550-0.0_555.0,
101550-0.0_600.0,
101550-0.0_nan,
102120-0.0_1.0,
102120-0.0_2.0,
102120-0.0_300.0,
102120-0.0_555.0,
102120-0.0_nan,
102130-0.0_0.0,
102130-0.0_1.0,
102130-0.0_nan,
102140-0.0_1.0,
102140-0.0_2.0,
102140-0.0_300.0,
102140-0.0_555.0,
102140-0.0_nan,
102150-0.0_1.0,
102150-0.0_2.0,
102150-0.0_300.0,
102150-0.0_555.0,
102150-0.0_nan,
102170-0.0_1.0,
102170-0.0_2.0,
102170-0.0_300.0,
102170-0.0_555.0,
102170-0.0_nan,
102180-0.0_1.0,
102180-0.0_2.0,
102180-0.0_300.0,
102180-0.0_555.0,
102180-0.0_nan,
102200-0.0_1.0,
102200-0.0_2.0,
102200-0.0_300.0,
102200-0.0_555.0,
102200-0.0_nan,
102210-0.0_1.0,
102210-0.0_2.0,
102210-0.0_300.0,
102210-0.0_555.0,
102210-0.0_nan,
102220-0.0_1.0,
102220-0.0_2.0,
102220-0.0_555.0,
102220-0.0_nan,
102230-0.0_1.0,
102230-0.0_2.0,
102230-0.0_300.0,
102230-0.0_555.0,
102230-0.0_nan,
102250-0.0_0.0,
102250-0.0_1.0,
102250-0.0_nan,
102260-0.0_1.0,
102260-0.0_2.0,
102260-0.0_3.0,
102260-0.0_4.0,
102260-0.0_444.0,
102260-0.0_500.0,
102260-0.0_555.0,
102260-0.0_nan,
102270-0.0_1.0,
102270-0.0_2.0,
102270-0.0_444.0,
102270-0.0_555.0,
102270-0.0_nan,
102280-0.0_1.0,
102280-0.0_2.0,
102280-0.0_3.0,
102280-0.0_4.0,
102280-0.0_444.0,
102280-0.0_500.0,
102280-0.0_555.0,
102280-0.0_nan,
102290-0.0_1.0,
102290-0.0_2.0,
102290-0.0_3.0,
102290-0.0_4.0,
102290-0.0_444.0,
102290-0.0_500.0,
102290-0.0_555.0,
102290-0.0_nan,
102300-0.0_1.0,
102300-0.0_2.0,
102300-0.0_3.0,
102300-0.0_4.0,
102300-0.0_444.0,
102300-0.0_500.0,
102300-0.0_555.0,
102300-0.0_nan,
102310-0.0_1.0,
102310-0.0_2.0,
102310-0.0_3.0,
102310-0.0_4.0,
102310-0.0_444.0,
102310-0.0_500.0,
102310-0.0_555.0,
102310-0.0_nan,
102320-0.0_1.0,
102320-0.0_2.0,
102320-0.0_3.0,
102320-0.0_4.0,
102320-0.0_444.0,
102320-0.0_500.0,
102320-0.0_555.0,
102320-0.0_nan,
102330-0.0_1.0,
102330-0.0_2.0,
102330-0.0_3.0,
102330-0.0_4.0,
102330-0.0_444.0,
102330-0.0_500.0,
102330-0.0_555.0,
102330-0.0_nan,
102340-0.0_1.0,
102340-0.0_2.0,
102340-0.0_3.0,
102340-0.0_4.0,
102340-0.0_444.0,
102340-0.0_500.0,
102340-0.0_555.0,
102340-0.0_nan,
102350-0.0_1.0,
102350-0.0_2.0,
102350-0.0_3.0,
102350-0.0_4.0,
102350-0.0_444.0,
102350-0.0_500.0,
102350-0.0_555.0,
102350-0.0_nan,
102360-0.0_1.0,
102360-0.0_2.0,
102360-0.0_3.0,
102360-0.0_4.0,
102360-0.0_444.0,
102360-0.0_500.0,
102360-0.0_555.0,
102360-0.0_nan,
102370-0.0_1.0,
102370-0.0_2.0,
102370-0.0_3.0,
102370-0.0_4.0,
102370-0.0_444.0,
102370-0.0_500.0,
102370-0.0_555.0,
102370-0.0_nan,
102380-0.0_1.0,
102380-0.0_2.0,
102380-0.0_3.0,
102380-0.0_4.0,
102380-0.0_444.0,
102380-0.0_500.0,
102380-0.0_555.0,
102380-0.0_nan,
102400-0.0_0.0,
102400-0.0_1.0,
102400-0.0_nan,
102410-0.0_1.0,
102410-0.0_2.0,
102410-0.0_300.0,
102410-0.0_555.0,
102410-0.0_nan,
102420-0.0_1.0,
102420-0.0_2.0,
102420-0.0_300.0,
102420-0.0_555.0,
102420-0.0_nan,
102430-0.0_1.0,
102430-0.0_2.0,
102430-0.0_300.0,
102430-0.0_555.0,
102430-0.0_nan,
102440-0.0_1.0,
102440-0.0_2.0,
102440-0.0_300.0,
102440-0.0_555.0,
102440-0.0_nan,
102450-0.0_1.0,
102450-0.0_2.0,
102450-0.0_300.0,
102450-0.0_555.0,
102450-0.0_nan,
102460-0.0_1.0,
102460-0.0_2.0,
102460-0.0_300.0,
102460-0.0_555.0,
102460-0.0_nan,
102470-0.0_1.0,
102470-0.0_2.0,
102470-0.0_300.0,
102470-0.0_555.0,
102470-0.0_nan,
102480-0.0_1.0,
102480-0.0_2.0,
102480-0.0_300.0,
102480-0.0_555.0,
102480-0.0_nan,
102490-0.0_1.0,
102490-0.0_2.0,
102490-0.0_300.0,
102490-0.0_555.0,
102490-0.0_nan,
102500-0.0_1.0,
102500-0.0_2.0,
102500-0.0_300.0,
102500-0.0_555.0,
102500-0.0_nan,
102520-0.0_0.0,
102520-0.0_1.0,
102520-0.0_nan,
102530-0.0_1.0,
102530-0.0_2.0,
102530-0.0_3.0,
102530-0.0_555.0,
102530-0.0_nan,
102540-0.0_1.0,
102540-0.0_2.0,
102540-0.0_3.0,
102540-0.0_555.0,
102540-0.0_nan,
102620-0.0_1.0,
102620-0.0_2.0,
102620-0.0_3.0,
102620-0.0_555.0,
102620-0.0_nan,
102700-0.0_0.0,
102700-0.0_1.0,
102700-0.0_nan,
102710-0.0_1.0,
102710-0.0_200.0,
102710-0.0_555.0,
102710-0.0_nan,
102720-0.0_1.0,
102720-0.0_200.0,
102720-0.0_555.0,
102720-0.0_nan,
102730-0.0_1.0,
102730-0.0_200.0,
102730-0.0_555.0,
102730-0.0_nan,
102740-0.0_1.0,
102740-0.0_200.0,
102740-0.0_555.0,
102740-0.0_nan,
102750-0.0_1.0,
102750-0.0_200.0,
102750-0.0_555.0,
102750-0.0_nan,
102760-0.0_1.0,
102760-0.0_200.0,
102760-0.0_555.0,
102760-0.0_nan,
102770-0.0_1.0,
102770-0.0_200.0,
102770-0.0_555.0,
102770-0.0_nan,
102780-0.0_1.0,
102780-0.0_200.0,
102780-0.0_555.0,
102780-0.0_nan,
102800-0.0_0.0,
102800-0.0_1.0,
102800-0.0_nan,
102810-0.0_1.0,
102810-0.0_2.0,
102810-0.0_300.0,
102810-0.0_555.0,
102810-0.0_nan,
102820-0.0_1.0,
102820-0.0_2.0,
102820-0.0_300.0,
102820-0.0_555.0,
102820-0.0_nan,
102830-0.0_1.0,
102830-0.0_2.0,
102830-0.0_300.0,
102830-0.0_555.0,
102830-0.0_nan,
102840-0.0_1.0,
102840-0.0_2.0,
102840-0.0_300.0,
102840-0.0_555.0,
102840-0.0_nan,
102850-0.0_1.0,
102850-0.0_2.0,
102850-0.0_300.0,
102850-0.0_555.0,
102850-0.0_nan,
102860-0.0_1.0,
102860-0.0_2.0,
102860-0.0_300.0,
102860-0.0_555.0,
102860-0.0_nan,
102870-0.0_1.0,
102870-0.0_2.0,
102870-0.0_300.0,
102870-0.0_555.0,
102870-0.0_nan,
102880-0.0_1.0,
102880-0.0_2.0,
102880-0.0_555.0,
102880-0.0_nan,
102890-0.0_1.0,
102890-0.0_2.0,
102890-0.0_300.0,
102890-0.0_555.0,
102890-0.0_nan,
102900-0.0_1.0,
102900-0.0_2.0,
102900-0.0_300.0,
102900-0.0_555.0,
102900-0.0_nan,
102910-0.0_1.0,
102910-0.0_2.0,
102910-0.0_300.0,
102910-0.0_555.0,
102910-0.0_nan,
102930-0.0_0.0,
102930-0.0_1.0,
102930-0.0_nan,
102940-0.0_1.0,
102940-0.0_2.0,
102940-0.0_300.0,
102940-0.0_555.0,
102940-0.0_nan,
102950-0.0_1.0,
102950-0.0_2.0,
102950-0.0_300.0,
102950-0.0_555.0,
102950-0.0_nan,
102960-0.0_1.0,
102960-0.0_2.0,
102960-0.0_300.0,
102960-0.0_555.0,
102960-0.0_nan,
102970-0.0_1.0,
102970-0.0_2.0,
102970-0.0_555.0,
102970-0.0_nan,
102980-0.0_1.0,
102980-0.0_2.0,
102980-0.0_300.0,
102980-0.0_555.0,
102980-0.0_nan,
103000-0.0_0.0,
103000-0.0_1.0,
103000-0.0_nan,
103010-0.0_1.0,
103010-0.0_2.0,
103010-0.0_3.0,
103010-0.0_4.0,
103010-0.0_500.0,
103010-0.0_555.0,
103010-0.0_nan,
103020-0.0_1.0,
103020-0.0_2.0,
103020-0.0_3.0,
103020-0.0_4.0,
103020-0.0_500.0,
103020-0.0_555.0,
103020-0.0_nan,
103030-0.0_1.0,
103030-0.0_2.0,
103030-0.0_3.0,
103030-0.0_4.0,
103030-0.0_500.0,
103030-0.0_555.0,
103030-0.0_nan,
103040-0.0_1.0,
103040-0.0_2.0,
103040-0.0_3.0,
103040-0.0_4.0,
103040-0.0_555.0,
103040-0.0_nan,
103050-0.0_1.0,
103050-0.0_2.0,
103050-0.0_3.0,
103050-0.0_4.0,
103050-0.0_555.0,
103050-0.0_nan,
103060-0.0_1.0,
103060-0.0_2.0,
103060-0.0_3.0,
103060-0.0_4.0,
103060-0.0_500.0,
103060-0.0_555.0,
103060-0.0_nan,
103070-0.0_1.0,
103070-0.0_2.0,
103070-0.0_3.0,
103070-0.0_4.0,
103070-0.0_500.0,
103070-0.0_555.0,
103070-0.0_nan,
103080-0.0_1.0,
103080-0.0_2.0,
103080-0.0_3.0,
103080-0.0_4.0,
103080-0.0_500.0,
103080-0.0_555.0,
103080-0.0_nan,
103090-0.0_1.0,
103090-0.0_2.0,
103090-0.0_3.0,
103090-0.0_4.0,
103090-0.0_500.0,
103090-0.0_555.0,
103090-0.0_nan,
103100-0.0_1.0,
103100-0.0_2.0,
103100-0.0_3.0,
103100-0.0_4.0,
103100-0.0_500.0,
103100-0.0_555.0,
103100-0.0_nan,
103120-0.0_1.0,
103120-0.0_111.0,
103120-0.0_222.0,
103120-0.0_313.0,
103120-0.0_nan,
103130-0.0_1.0,
103130-0.0_111.0,
103130-0.0_222.0,
103130-0.0_313.0,
103130-0.0_nan,
103150-0.0_1.0,
103150-0.0_2.0,
103150-0.0_3.0,
103150-0.0_555.0,
103150-0.0_nan,
103160-0.0_1.0,
103160-0.0_2.0,
103160-0.0_3.0,
103160-0.0_400.0,
103160-0.0_555.0,
103160-0.0_nan,
103170-0.0_1.0,
103170-0.0_2.0,
103170-0.0_3.0,
103170-0.0_400.0,
103170-0.0_555.0,
103170-0.0_nan,
103180-0.0_1.0,
103180-0.0_2.0,
103180-0.0_400.0,
103180-0.0_555.0,
103180-0.0_nan,
103200-0.0_1.0,
103200-0.0_2.0,
103200-0.0_3.0,
103200-0.0_400.0,
103200-0.0_555.0,
103200-0.0_nan,
103210-0.0_1.0,
103210-0.0_2.0,
103210-0.0_3.0,
103210-0.0_555.0,
103210-0.0_nan,
103220-0.0_1.0,
103220-0.0_2.0,
103220-0.0_3.0,
103220-0.0_400.0,
103220-0.0_555.0,
103220-0.0_nan,
103230-0.0_1.0,
103230-0.0_2.0,
103230-0.0_3.0,
103230-0.0_400.0,
103230-0.0_555.0,
103230-0.0_nan,
103250-0.0_0.0,
103250-0.0_1.0,
103250-0.0_nan,
103260-0.0_1.0,
103260-0.0_2.0,
103260-0.0_3.0,
103260-0.0_400.0,
103260-0.0_555.0,
103260-0.0_nan,
103270-0.0_1.0,
103270-0.0_2.0,
103270-0.0_3.0,
103270-0.0_555.0,
103270-0.0_nan,
103280-0.0_1.0,
103280-0.0_2.0,
103280-0.0_3.0,
103280-0.0_400.0,
103280-0.0_555.0,
103280-0.0_nan,
103290-0.0_1.0,
103290-0.0_2.0,
103290-0.0_3.0,
103290-0.0_400.0,
103290-0.0_555.0,
103290-0.0_nan,
103310-0.0_0.0,
103310-0.0_1.0,
103310-0.0_nan,
103980-0.0_1.0,
103980-0.0_nan,
103990-0.0_0.0,
103990-0.0_1.0,
103990-0.0_nan,
104000-0.0_1.0,
104000-0.0_2.0,
104000-0.0_300.0,
104000-0.0_444.0,
104000-0.0_555.0,
104000-0.0_nan,
104010-0.0_1.0,
104010-0.0_2.0,
104010-0.0_300.0,
104010-0.0_444.0,
104010-0.0_555.0,
104010-0.0_nan,
104020-0.0_1.0,
104020-0.0_2.0,
104020-0.0_300.0,
104020-0.0_444.0,
104020-0.0_555.0,
104020-0.0_nan,
104030-0.0_1.0,
104030-0.0_2.0,
104030-0.0_300.0,
104030-0.0_444.0,
104030-0.0_555.0,
104030-0.0_nan,
104040-0.0_1.0,
104040-0.0_nan,
104050-0.0_1.0,
104050-0.0_2.0,
104050-0.0_300.0,
104050-0.0_444.0,
104050-0.0_555.0,
104050-0.0_nan,
104060-0.0_1.0,
104060-0.0_2.0,
104060-0.0_300.0,
104060-0.0_444.0,
104060-0.0_555.0,
104060-0.0_nan,
104070-0.0_1.0,
104070-0.0_2.0,
104070-0.0_300.0,
104070-0.0_444.0,
104070-0.0_555.0,
104070-0.0_nan,
104080-0.0_1.0,
104080-0.0_2.0,
104080-0.0_300.0,
104080-0.0_444.0,
104080-0.0_555.0,
104080-0.0_nan,
104090-0.0_1.0,
104090-0.0_2.0,
104090-0.0_300.0,
104090-0.0_444.0,
104090-0.0_555.0,
104090-0.0_nan,
104100-0.0_1.0,
104100-0.0_2.0,
104100-0.0_300.0,
104100-0.0_444.0,
104100-0.0_555.0,
104100-0.0_nan,
104110-0.0_1.0,
104110-0.0_2.0,
104110-0.0_300.0,
104110-0.0_444.0,
104110-0.0_555.0,
104110-0.0_nan,
104120-0.0_1.0,
104120-0.0_2.0,
104120-0.0_300.0,
104120-0.0_444.0,
104120-0.0_555.0,
104120-0.0_nan,
104130-0.0_1.0,
104130-0.0_2.0,
104130-0.0_300.0,
104130-0.0_444.0,
104130-0.0_555.0,
104130-0.0_nan,
104140-0.0_1.0,
104140-0.0_2.0,
104140-0.0_300.0,
104140-0.0_444.0,
104140-0.0_555.0,
104140-0.0_nan,
104150-0.0_1.0,
104150-0.0_2.0,
104150-0.0_300.0,
104150-0.0_444.0,
104150-0.0_555.0,
104150-0.0_nan,
104160-0.0_1.0,
104160-0.0_2.0,
104160-0.0_300.0,
104160-0.0_444.0,
104160-0.0_555.0,
104160-0.0_nan,
104170-0.0_1.0,
104170-0.0_2.0,
104170-0.0_300.0,
104170-0.0_444.0,
104170-0.0_555.0,
104170-0.0_nan,
104180-0.0_1.0,
104180-0.0_2.0,
104180-0.0_300.0,
104180-0.0_444.0,
104180-0.0_555.0,
104180-0.0_nan,
104200-0.0_1.0,
104200-0.0_2.0,
104200-0.0_300.0,
104200-0.0_444.0,
104200-0.0_555.0,
104200-0.0_nan,
104210-0.0_1.0,
104210-0.0_2.0,
104210-0.0_300.0,
104210-0.0_444.0,
104210-0.0_555.0,
104210-0.0_nan,
104220-0.0_1.0,
104220-0.0_2.0,
104220-0.0_300.0,
104220-0.0_444.0,
104220-0.0_555.0,
104220-0.0_nan,
104230-0.0_1.0,
104230-0.0_2.0,
104230-0.0_300.0,
104230-0.0_444.0,
104230-0.0_555.0,
104230-0.0_nan,
104240-0.0_1.0,
104240-0.0_2.0,
104240-0.0_300.0,
104240-0.0_444.0,
104240-0.0_555.0,
104240-0.0_nan,
104250-0.0_1.0,
104250-0.0_2.0,
104250-0.0_300.0,
104250-0.0_444.0,
104250-0.0_555.0,
104250-0.0_nan,
104260-0.0_1.0,
104260-0.0_2.0,
104260-0.0_300.0,
104260-0.0_444.0,
104260-0.0_555.0,
104260-0.0_nan,
104270-0.0_1.0,
104270-0.0_2.0,
104270-0.0_300.0,
104270-0.0_444.0,
104270-0.0_555.0,
104270-0.0_nan,
104280-0.0_1.0,
104280-0.0_2.0,
104280-0.0_300.0,
104280-0.0_444.0,
104280-0.0_555.0,
104280-0.0_nan,
104290-0.0_1.0,
104290-0.0_2.0,
104290-0.0_300.0,
104290-0.0_444.0,
104290-0.0_555.0,
104290-0.0_nan,
104300-0.0_1.0,
104300-0.0_2.0,
104300-0.0_300.0,
104300-0.0_444.0,
104300-0.0_555.0,
104300-0.0_nan,
104310-0.0_1.0,
104310-0.0_2.0,
104310-0.0_300.0,
104310-0.0_444.0,
104310-0.0_555.0,
104310-0.0_nan,
104320-0.0_1.0,
104320-0.0_2.0,
104320-0.0_300.0,
104320-0.0_444.0,
104320-0.0_555.0,
104320-0.0_nan,
104330-0.0_1.0,
104330-0.0_2.0,
104330-0.0_444.0,
104330-0.0_555.0,
104330-0.0_nan,
104340-0.0_1.0,
104340-0.0_2.0,
104340-0.0_300.0,
104340-0.0_444.0,
104340-0.0_555.0,
104340-0.0_nan,
104350-0.0_1.0,
104350-0.0_2.0,
104350-0.0_300.0,
104350-0.0_444.0,
104350-0.0_555.0,
104350-0.0_nan,
104360-0.0_1.0,
104360-0.0_2.0,
104360-0.0_300.0,
104360-0.0_444.0,
104360-0.0_555.0,
104360-0.0_nan,
104370-0.0_1.0,
104370-0.0_2.0,
104370-0.0_300.0,
104370-0.0_444.0,
104370-0.0_555.0,
104370-0.0_nan,
104380-0.0_1.0,
104380-0.0_2.0,
104380-0.0_300.0,
104380-0.0_444.0,
104380-0.0_555.0,
104380-0.0_nan,
104400-0.0_0.0,
104400-0.0_1.0,
104400-0.0_nan,
104410-0.0_1.0,
104410-0.0_2.0,
104410-0.0_3.0,
104410-0.0_400.0,
104410-0.0_555.0,
104410-0.0_nan,
104420-0.0_1.0,
104420-0.0_2.0,
104420-0.0_3.0,
104420-0.0_400.0,
104420-0.0_555.0,
104420-0.0_nan,
104430-0.0_1.0,
104430-0.0_2.0,
104430-0.0_3.0,
104430-0.0_400.0,
104430-0.0_555.0,
104430-0.0_nan,
104440-0.0_1.0,
104440-0.0_2.0,
104440-0.0_3.0,
104440-0.0_400.0,
104440-0.0_555.0,
104440-0.0_nan,
104450-0.0_1.0,
104450-0.0_2.0,
104450-0.0_3.0,
104450-0.0_400.0,
104450-0.0_555.0,
104450-0.0_nan,
104460-0.0_1.0,
104460-0.0_2.0,
104460-0.0_3.0,
104460-0.0_400.0,
104460-0.0_555.0,
104460-0.0_nan,
104470-0.0_1.0,
104470-0.0_2.0,
104470-0.0_3.0,
104470-0.0_400.0,
104470-0.0_555.0,
104470-0.0_nan,
104480-0.0_1.0,
104480-0.0_2.0,
104480-0.0_3.0,
104480-0.0_400.0,
104480-0.0_555.0,
104480-0.0_nan,
104490-0.0_1.0,
104490-0.0_2.0,
104490-0.0_3.0,
104490-0.0_555.0,
104490-0.0_nan,
104500-0.0_1.0,
104500-0.0_2.0,
104500-0.0_3.0,
104500-0.0_400.0,
104500-0.0_555.0,
104500-0.0_nan,
104510-0.0_1.0,
104510-0.0_2.0,
104510-0.0_3.0,
104510-0.0_400.0,
104510-0.0_555.0,
104510-0.0_nan,
104520-0.0_1.0,
104520-0.0_2.0,
104520-0.0_3.0,
104520-0.0_400.0,
104520-0.0_555.0,
104520-0.0_nan,
104530-0.0_1.0,
104530-0.0_2.0,
104530-0.0_3.0,
104530-0.0_400.0,
104530-0.0_555.0,
104530-0.0_nan,
104540-0.0_1.0,
104540-0.0_2.0,
104540-0.0_3.0,
104540-0.0_400.0,
104540-0.0_555.0,
104540-0.0_nan,
104550-0.0_1.0,
104550-0.0_2.0,
104550-0.0_3.0,
104550-0.0_400.0,
104550-0.0_555.0,
104550-0.0_nan,
104560-0.0_1.0,
104560-0.0_2.0,
104560-0.0_3.0,
104560-0.0_400.0,
104560-0.0_555.0,
104560-0.0_nan,
104570-0.0_1.0,
104570-0.0_2.0,
104570-0.0_3.0,
104570-0.0_400.0,
104570-0.0_555.0,
104570-0.0_nan,
104580-0.0_1.0,
104580-0.0_2.0,
104580-0.0_3.0,
104580-0.0_400.0,
104580-0.0_555.0,
104580-0.0_nan,
104590-0.0_1.0,
104590-0.0_2.0,
104590-0.0_3.0,
104590-0.0_400.0,
104590-0.0_555.0,
104590-0.0_nan,
104660-0.0_1.0,
104660-0.0_nan,
104670-0.0_0.0,
104670-0.0_1.0,
104670-0.0_nan,
104900-0.0_0.0,
104900-0.0_10.0,
104900-0.0_1030.0,
104900-0.0_12.0,
104900-0.0_24.0,
104900-0.0_3060.0,
104900-0.0_46.0,
104900-0.0_600.0,
104900-0.0_nan,
104910-0.0_0.0,
104910-0.0_10.0,
104910-0.0_1030.0,
104910-0.0_12.0,
104910-0.0_24.0,
104910-0.0_3060.0,
104910-0.0_46.0,
104910-0.0_600.0,
104910-0.0_nan,
104920-0.0_0.0,
104920-0.0_1.0,
104920-0.0_1200.0,
104920-0.0_13.0,
104920-0.0_35.0,
104920-0.0_57.0,
104920-0.0_79.0,
104920-0.0_912.0,
104920-0.0_nan,
48-0.0,8.610286130255542e-30
49-0.0,0.006499333107989846
50-0.0,3.861811821681706e-288
51-0.0,1.8051069905327604e-231
77-0.0,
78-0.0,
189-0.0,0.0
3062-0.0,0.0
3147-0.0,
3148-0.0,
3160-0.0,0.14642918108156588
4100-0.0,1.4890276501288073e-15
4101-0.0,9.256119927410875e-10
4119-0.0,1.2836641782878296e-11
4120-0.0,5.284846662542842e-11
4122-0.0,0.0060133546379788965
4138-0.0,0.7714699335986099
4139-0.0,0.28181330685389544
4140-0.0,0.4744729850027137
4141-0.0,0.3972811863007391
4142-0.0,0.8650633220835139
4147-0.0,0.9872204440180354
4207-0.0,0.927214803852285
5078-0.0,7.828097095816478e-35
5079-0.0,7.948561777625763e-48
5097-0.0,6.708600533352347e-38
5098-0.0,1.3195209235736638e-35
5099-0.0,1.9351574361307607e-40
5117-0.0,0.19193844490321832
5118-0.0,0.10316291330531288
5119-0.0,0.7727645697463709
5132-0.0,7.188516545795062e-37
5157-0.0,0.00879319523566028
5158-0.0,0.008702354606390926
5159-0.0,0.002970845586003995
5160-0.0,6.163268621082976e-07
5161-0.0,0.03873828492078794
5162-0.0,3.6662184630910483e-06
5199-0.0,7.948561777625763e-48
5201-0.0,4.131508024721968e-79
5208-0.0,4.416083076058676e-74
5211-0.0,0.9381974073334044
5257-0.0,0.0016452634500686589
5262-0.0,0.048986503982158036
20019-0.0,6.204831258849e-311
20021-0.0,2.663e-321
20022-0.0,7.053906180641247e-24
20150-0.0,2.4485241612347438e-172
20151-0.0,8.956080424667787e-163
20157-0.0,0.0
20161-0.0,5.356777037577652e-20
20162-0.0,5.2777156236760127e-17
20257-0.0,3.003622832364076e-22
20258-0.0,9.31540938247914e-12
20261-0.0,2.217185767728031e-157
21001-0.0,1.4245662357029116e-28
21002-0.0,2.9724701976648206e-26
21021-0.0,0.007994631807154406
22012-0.0,0.4689021880704613
22022-0.0,0.00013356265811750092
22037-0.0,1.8756157722594146e-95
22038-0.0,6.534772299014652e-123
22039-0.0,3.87377734969056e-46
22631-0.0,0.3177319614515369
22641-0.0,0.33929256414286074
22651-0.0,0.4932928755838654
23098-0.0,5.43258690147601e-27
23099-0.0,5.041633576192528e-77
23100-0.0,2.3161031443028262e-12
23101-0.0,1.1370648871917952e-106
23102-0.0,3.0320831400208082e-105
23107-0.0,1.861503055886763e-28
23108-0.0,1.377203058148962e-31
23109-0.0,1.3401207196470566e-20
23110-0.0,9.334302107714464e-19
23111-0.0,1.6957700991007477e-108
23112-0.0,9.098671985524867e-40
23117-0.0,1.1300403199531581e-96
23118-0.0,2.5190479129785835e-96
23119-0.0,1.1322895780027015e-68
23120-0.0,2.956842719383444e-13
23121-0.0,1.029043174724862e-80
23122-0.0,4.344914845739272e-81
23127-0.0,3.179480790207079e-41
23128-0.0,0.005318659946154286
23129-0.0,4.939299503964405e-114
23130-0.0,1.4583544931548452e-112
24007-0.0,3.212782335458316e-78
24008-0.0,9.980275231212379e-21
24010-0.0,0.6390896446496077
24017-0.0,1.75472964853943e-83
24018-0.0,3.104041417518874e-70
24019-0.0,3.3135378448712903e-65
24020-0.0,0.04602012159072917
24021-0.0,0.04636972060909821
24500-0.0,8.30325064343861e-47
24501-0.0,0.15182140713795966
24502-0.0,0.003994683722109167
24507-0.0,2.0953257934735373e-40
24508-0.0,6.4610497254824525e-06
26410-0.0,0.0
26411-0.0,0.0
26412-0.0,0.0
26417-0.0,4.6865375001924474e-120
26418-0.0,2.1674663747243955e-10
26419-0.0,4.6264579755386636e-10
26420-0.0,2.0987656225701512e-07
26421-0.0,1.7768451768265008e-11
26422-0.0,0.3165464092404087
26427-0.0,
26428-0.0,
26429-0.0,
26430-0.0,
26431-0.0,
26432-0.0,
30000-0.0,5.082717368927877e-24
30010-0.0,6.859815555377418e-17
30020-0.0,1.0489717737254726e-25
30030-0.0,3.0930834403603443e-13
30040-0.0,1.1280743239406298e-42
30050-0.0,1.7624786693364872e-65
30060-0.0,1.4672091077889682e-34
30070-0.0,4.1504377363093285e-31
30080-0.0,3.4798776672593224e-05
30090-0.0,5.339544861664324e-14
30100-0.0,0.00019626558540965043
30110-0.0,2.2134459003686502e-06
30120-0.0,5.8313335050886074e-15
30130-0.0,0.20316460148173354
30140-0.0,2.8930638250106225e-14
30150-0.0,0.00028033775981044847
30160-0.0,0.007942874004979129
30170-0.0,0.2883699510248965
30180-0.0,1.5419658764551924e-09
30200-0.0,0.0014018035277197113
30210-0.0,0.0006321524931852956
30220-0.0,0.28487843461205703
30230-0.0,0.1670231975004915
30240-0.0,4.994208075955113e-05
30250-0.0,3.672582018445234e-06
30260-0.0,6.859526575998911e-08
30270-0.0,0.001185335200283692
30280-0.0,4.264450006179565e-27
30290-0.0,0.00727295992766775
30300-0.0,8.774706984535004e-16
30500-0.0,0.18237731083075864
30510-0.0,8.82127449729237e-07
30520-0.0,6.8218875650084704e-09
30530-0.0,8.75832592643502e-65
30600-0.0,1.7781844641440153e-15
30610-0.0,7.596392649234649e-62
30620-0.0,0.0016837360305366315
30640-0.0,0.003520657674657911
30650-0.0,0.00013695670222163903
30660-0.0,2.5771536687931517e-05
30670-0.0,0.02278692062444899
30680-0.0,0.000328365580027143
30690-0.0,4.4723390431300957e-17
30700-0.0,8.37720981029151e-07
30710-0.0,2.0436389509310317e-23
30720-0.0,2.997914203811769e-45
30730-0.0,3.9113468684071264e-08
30740-0.0,1.6794004388401237e-08
30750-0.0,2.3292518834750078e-88
30760-0.0,2.143447480531121e-22
30770-0.0,7.771285074631801e-19
30780-0.0,2.4490377839135198e-09
30790-0.0,3.6218818635958854e-07
30800-0.0,0.52318469577909
30810-0.0,0.00101685167283718
30820-0.0,0.19921780168037595
30830-0.0,3.2776143305174032e-12
30840-0.0,5.276371540049864e-19
30850-0.0,2.994791038667933e-34
30860-0.0,6.400191936784327e-77
30870-0.0,0.2487779367322983
30880-0.0,5.331532985222928e-14
30890-0.0,4.525467197358436e-34
30897-0.0,0.4524112435502632
90012-0.0,0.002609901102668893
90019-0.0,0.00023410370603131817
90020-0.0,0.033555823105013954
90021-0.0,0.01496380301146254
90022-0.0,0.007946021024154102
90027-0.0,0.00012357334620512542
90028-0.0,4.128078694708645e-05
90029-0.0,4.766795459816126e-07
90030-0.0,0.00813727214621886
90031-0.0,2.8926112845220643e-05
90032-0.0,9.938805597995764e-05
90037-0.0,0.004642953361679346
90038-0.0,0.0011748940880025413
90039-0.0,0.044325126007944235
90040-0.0,0.007869508895029858
90041-0.0,9.157473723210407e-05
90042-0.0,0.09644332552276748
90047-0.0,5.8292216817362414e-05
90048-0.0,0.0041437486517333
90049-0.0,0.012489102087093348
90050-0.0,0.23223980093276894
90051-0.0,0.5356857965307171
90052-0.0,0.4806514709922372
90057-0.0,0.1839857358307018
90058-0.0,0.5864818534541872
90059-0.0,0.4864748398665814
90060-0.0,0.6896893122972556
90061-0.0,0.7655016682028908
90062-0.0,0.4183183502615096
90067-0.0,0.4505832930117431
90068-0.0,0.4094733825211697
90069-0.0,0.4796247966913434
90070-0.0,0.7193988740088146
90071-0.0,0.7214192103921055
90072-0.0,0.6301208444920023
90077-0.0,0.4553512704192907
90078-0.0,0.4464556184503201
90079-0.0,0.4133116299635189
90080-0.0,0.4215280174342823
90081-0.0,0.4626073332128218
90082-0.0,0.2842925241905311
90088-0.0,0.00047381212067156096
90089-0.0,0.1958614323200392
90090-0.0,0.8575009863969694
90091-0.0,0.052416867638478463
90097-0.0,0.24017777331722515
90098-0.0,0.15812674684475034
90099-0.0,0.11352195341057544
90100-0.0,0.09634105953175108
90101-0.0,0.06943633523686256
90102-0.0,0.033376309757378465
90107-0.0,0.003927312890339815
90108-0.0,0.003413541613313167
90109-0.0,0.001027630195734116
90110-0.0,0.0008450508435393039
90111-0.0,0.0005534317451322918
90112-0.0,6.7339268252709025e-06
90117-0.0,2.2221366624903392e-07
90118-0.0,3.589652308024508e-07
90119-0.0,1.5629839243198534e-06
90120-0.0,6.24445222798777e-06
90121-0.0,2.9175722049381038e-05
90122-0.0,0.00010213394296234289
90127-0.0,0.029881775215718526
90128-0.0,0.16982537153260086
90129-0.0,0.35753391167666143
90130-0.0,0.5031706026145305
90131-0.0,0.4932577368798501
90132-0.0,0.4767450589936232
90138-0.0,0.06680210070844374
90139-0.0,0.01931758175581437
90140-0.0,0.0041487076992862155
90141-0.0,0.004319539750764027
90142-0.0,0.0017983290436722468
90147-0.0,0.0026655757106516984
90148-0.0,0.023458538279608747
90149-0.0,0.10080237541136386
90150-0.0,0.15913783380494287
90151-0.0,0.10967879569290316
90152-0.0,0.0509186224739818
90157-0.0,0.0007840405230215117
90158-0.0,0.00041417837646787176
90159-0.0,0.9271025831103018
90160-0.0,0.6240793554461539
90161-0.0,0.4578971939482126
90162-0.0,0.9853791483517464
90167-0.0,0.5799402570784964
90168-0.0,0.2857964490211577
90169-0.0,0.34066086768273324
90170-0.0,0.31172235245533264
90172-0.0,0.8263008905871099
90177-0.0,0.8193093077172278
90181-0.0,0.9699529495160908
90188-0.0,0.0006024571241828598
90189-0.0,0.0003378963500564078
100001-0.0,1.7065368769738032e-10
100002-0.0,1.108571109100323e-14
100007-0.0,0.00014323498351519548
100008-0.0,0.9658831958871804
100009-0.0,5.374016198478496e-10
100011-0.0,7.102852092253898e-43
100012-0.0,6.411682672679556e-07
100017-0.0,2.544320071297254e-24
100018-0.0,1.3276545746148118e-13
100019-0.0,0.012902471716099784
100021-0.0,0.04175862926821792
100022-0.0,1.3188718424840132e-22
