,size,db,task,method,trial,fold,score,scorer,selection,n,p,type,imputation_WCT,tuning_WCT,imputation_PT,tuning_PT
0,25000,MIMIC,hemo_pvals,MI,0,0,0.7981658240647118,roc_auc_score,ANOVA,30836,100,Classification,0.0,16362.185798,0.0,462929.646397
1,25000,MIMIC,hemo_pvals,MI,0,1,0.8213993933265925,roc_auc_score,ANOVA,30836,100,Classification,0.0,16391.174718,0.0,464785.920638
2,25000,MIMIC,hemo_pvals,MI,0,2,0.8406086956521739,roc_auc_score,ANOVA,30836,100,Classification,0.0,16173.381432,0.0,455530.221498
3,25000,MIMIC,hemo_pvals,MI,0,3,0.8418099089989888,roc_auc_score,ANOVA,30836,100,Classification,0.0,16474.012567,0.0,467462.035182
4,25000,MIMIC,hemo_pvals,MI,0,4,0.8291749241658241,roc_auc_score,ANOVA,30836,100,Classification,0.0,16326.193906,0.0,461839.726781
5,25000,MIMIC,hemo_pvals,MI,1,0,0.8501456016177957,roc_auc_score,ANOVA,30836,100,Classification,0.0,16608.78295,0.0,471821.304891
6,25000,MIMIC,hemo_pvals,MI,1,1,0.8332558139534884,roc_auc_score,ANOVA,30836,100,Classification,0.0,16534.428823,0.0,468721.55246
7,25000,MIMIC,hemo_pvals,MI,1,2,0.841005055611729,roc_auc_score,ANOVA,30836,100,Classification,0.0,16420.211175,0.0,464350.728379
8,25000,MIMIC,hemo_pvals,MI,1,3,0.8531870576339737,roc_auc_score,ANOVA,30836,100,Classification,0.0,16647.623889,0.0,473573.545408
9,25000,MIMIC,hemo_pvals,MI,1,4,0.8123235591506572,roc_auc_score,ANOVA,30836,100,Classification,0.0,16541.205555,0.0,469342.105823
10,25000,MIMIC,hemo_pvals,MI,2,0,0.8450171890798786,roc_auc_score,ANOVA,30836,100,Classification,0.0,11064.538785,0.0,278141.405988
11,25000,MIMIC,hemo_pvals,MI,2,1,0.8230495449949444,roc_auc_score,ANOVA,30836,100,Classification,0.0,11093.408585,0.0,280134.182673
12,25000,MIMIC,hemo_pvals,MI,2,2,0.8528958543983821,roc_auc_score,ANOVA,30836,100,Classification,0.0,10988.66017,0.0,275482.072189
13,25000,MIMIC,hemo_pvals,MI,2,3,0.8597451971688574,roc_auc_score,ANOVA,30836,100,Classification,0.0,11156.398506,0.0,281329.36701
14,25000,MIMIC,hemo_pvals,MI,2,4,0.84314459049545,roc_auc_score,ANOVA,30836,100,Classification,0.0,11026.870577,0.0,277517.74846
15,25000,MIMIC,hemo_pvals,MI,3,0,0.8554175935288171,roc_auc_score,ANOVA,30836,100,Classification,0.0,11400.03946,0.0,290512.134273
16,25000,MIMIC,hemo_pvals,MI,3,1,0.8667826086956522,roc_auc_score,ANOVA,30836,100,Classification,0.0,11482.285189,0.0,293708.148803
17,25000,MIMIC,hemo_pvals,MI,3,2,0.8557209302325581,roc_auc_score,ANOVA,30836,100,Classification,0.0,11334.091188,0.0,287848.720288
18,25000,MIMIC,hemo_pvals,MI,3,3,0.8194883720930234,roc_auc_score,ANOVA,30836,100,Classification,0.0,11489.397069,0.0,293226.910534
19,25000,MIMIC,hemo_pvals,MI,3,4,0.8391526794742163,roc_auc_score,ANOVA,30836,100,Classification,0.0,11310.727506,0.0,287652.808045
20,25000,MIMIC,hemo_pvals,MI,4,0,0.808319514661274,roc_auc_score,ANOVA,30836,100,Classification,0.0,14852.065773,0.0,417130.28416
21,25000,MIMIC,hemo_pvals,MI,4,1,0.8412537917087968,roc_auc_score,ANOVA,30836,100,Classification,0.0,14248.420701,0.0,397697.304207
22,25000,MIMIC,hemo_pvals,MI,4,2,0.8487542972699696,roc_auc_score,ANOVA,30836,100,Classification,0.0,13075.499951,0.0,354169.28929
23,25000,MIMIC,hemo_pvals,MI,4,3,0.8519898887765418,roc_auc_score,ANOVA,30836,100,Classification,0.0,12554.296138,0.0,335325.464605
24,25000,MIMIC,hemo_pvals,MI,4,4,0.8402406471183013,roc_auc_score,ANOVA,30836,100,Classification,0.0,11378.763569,0.0,292078.043264
25,25000,MIMIC,hemo_pvals,MI+mask,0,0,0.8105338725985844,roc_auc_score,ANOVA,30836,100,Classification,0.0,13504.795146,0.0,326107.150931
26,25000,MIMIC,hemo_pvals,MI+mask,0,1,0.8366430738119313,roc_auc_score,ANOVA,30836,100,Classification,0.0,13508.621115,0.0,328414.965192
27,25000,MIMIC,hemo_pvals,MI+mask,0,2,0.8509989888776541,roc_auc_score,ANOVA,30836,100,Classification,0.0,13467.21258,0.0,325052.165668
28,25000,MIMIC,hemo_pvals,MI+mask,0,3,0.8497977755308392,roc_auc_score,ANOVA,30836,100,Classification,0.0,13061.509077,0.0,317843.009107
29,25000,MIMIC,hemo_pvals,MI+mask,0,4,0.8341880687563195,roc_auc_score,ANOVA,30836,100,Classification,0.0,13060.488615,0.0,318701.509362
30,25000,MIMIC,hemo_pvals,MI+mask,1,0,0.8679393326592517,roc_auc_score,ANOVA,30836,100,Classification,0.0,13928.129936,0.0,334479.109213
31,25000,MIMIC,hemo_pvals,MI+mask,1,1,0.8475227502527806,roc_auc_score,ANOVA,30836,100,Classification,0.0,14856.040806,0.0,363381.243436
32,25000,MIMIC,hemo_pvals,MI+mask,1,2,0.8498382204246713,roc_auc_score,ANOVA,30836,100,Classification,0.0,13194.89217,0.0,318271.171718
33,25000,MIMIC,hemo_pvals,MI+mask,1,3,0.8623174924165824,roc_auc_score,ANOVA,30836,100,Classification,0.0,13258.57774,0.0,320969.236187
34,25000,MIMIC,hemo_pvals,MI+mask,1,4,0.8315652173913043,roc_auc_score,ANOVA,30836,100,Classification,0.0,13170.403436,0.0,317359.957037
35,25000,MIMIC,hemo_pvals,MI+mask,2,0,0.8571971688574318,roc_auc_score,ANOVA,30836,100,Classification,0.0,13756.914565,0.0,329527.653149
36,25000,MIMIC,hemo_pvals,MI+mask,2,1,0.8371526794742163,roc_auc_score,ANOVA,30836,100,Classification,0.0,14513.361703,0.0,353684.428037
37,25000,MIMIC,hemo_pvals,MI+mask,2,2,0.8669868554095046,roc_auc_score,ANOVA,30836,100,Classification,0.0,13000.234807,0.0,313557.049212
38,25000,MIMIC,hemo_pvals,MI+mask,2,3,0.8633144590495451,roc_auc_score,ANOVA,30836,100,Classification,0.0,13083.699662,0.0,316402.109173
39,25000,MIMIC,hemo_pvals,MI+mask,2,4,0.853154701718908,roc_auc_score,ANOVA,30836,100,Classification,0.0,13070.796484,0.0,315785.094026
40,25000,MIMIC,hemo_pvals,MI+mask,3,0,0.8677775530839231,roc_auc_score,ANOVA,30836,100,Classification,0.0,13731.976805,0.0,335639.062038
41,25000,MIMIC,hemo_pvals,MI+mask,3,1,0.8698827098078867,roc_auc_score,ANOVA,30836,100,Classification,0.0,13836.437884,0.0,339551.268509
42,25000,MIMIC,hemo_pvals,MI+mask,3,2,0.857494438827098,roc_auc_score,ANOVA,30836,100,Classification,0.0,13573.379073,0.0,329702.935594
43,25000,MIMIC,hemo_pvals,MI+mask,3,3,0.8248695652173913,roc_auc_score,ANOVA,30836,100,Classification,0.0,13707.291981,0.0,334367.107826
44,25000,MIMIC,hemo_pvals,MI+mask,3,4,0.8627745197168857,roc_auc_score,ANOVA,30836,100,Classification,0.0,13551.365631,0.0,328273.214231
45,25000,MIMIC,hemo_pvals,MI+mask,4,0,0.811134479271992,roc_auc_score,ANOVA,30836,100,Classification,0.0,13952.948403,0.0,343049.679306
46,25000,MIMIC,hemo_pvals,MI+mask,4,1,0.8455955510616785,roc_auc_score,ANOVA,30836,100,Classification,0.0,13916.930636,0.0,341880.310509
47,25000,MIMIC,hemo_pvals,MI+mask,4,2,0.85914459049545,roc_auc_score,ANOVA,30836,100,Classification,0.0,13865.309072,0.0,340322.222948
48,25000,MIMIC,hemo_pvals,MI+mask,4,3,0.854469160768453,roc_auc_score,ANOVA,30836,100,Classification,0.0,13836.379501,0.0,339162.998425
49,25000,MIMIC,hemo_pvals,MI+mask,4,4,0.845360970677452,roc_auc_score,ANOVA,30836,100,Classification,0.0,13816.609772,0.0,339264.920557
50,25000,MIMIC,septic_pvals,MI,0,0,0.9172870645630737,roc_auc_score,ANOVA,30836,100,Classification,0.0,13285.075318,0.0,362200.239643
51,25000,MIMIC,septic_pvals,MI,0,1,0.9216167591903756,roc_auc_score,ANOVA,30836,100,Classification,0.0,13350.663974,0.0,364570.129292
52,25000,MIMIC,septic_pvals,MI,0,2,0.9161038676194684,roc_auc_score,ANOVA,30836,100,Classification,0.0,13138.940401,0.0,356022.435644
53,25000,MIMIC,septic_pvals,MI,0,3,0.9175330699396249,roc_auc_score,ANOVA,30836,100,Classification,0.0,13226.724753,0.0,359290.993575
54,25000,MIMIC,septic_pvals,MI,0,4,0.9163392028833017,roc_auc_score,ANOVA,30836,100,Classification,0.0,13283.807571,0.0,361777.387587
55,25000,MIMIC,septic_pvals,MI,1,0,0.9146106446230041,roc_auc_score,ANOVA,30836,100,Classification,0.0,13740.899835,0.0,378017.919034
56,25000,MIMIC,septic_pvals,MI,1,1,0.9198034328123751,roc_auc_score,ANOVA,30836,100,Classification,0.0,13613.847255,0.0,372597.657333
57,25000,MIMIC,septic_pvals,MI,1,2,0.9158631972992759,roc_auc_score,ANOVA,30836,100,Classification,0.0,13722.087863,0.0,377205.216279
58,25000,MIMIC,septic_pvals,MI,1,3,0.9205367066697097,roc_auc_score,ANOVA,30836,100,Classification,0.0,13679.122468,0.0,375093.466496
59,25000,MIMIC,septic_pvals,MI,1,4,0.9233387968262343,roc_auc_score,ANOVA,30836,100,Classification,0.0,13679.948297,0.0,376234.955837
60,25000,MIMIC,septic_pvals,MI,2,0,0.909858294975266,roc_auc_score,ANOVA,30836,100,Classification,0.0,13393.609738,0.0,365156.288363
61,25000,MIMIC,septic_pvals,MI,2,1,0.9129899730579654,roc_auc_score,ANOVA,30836,100,Classification,0.0,13399.938223,0.0,364895.758633
62,25000,MIMIC,septic_pvals,MI,2,2,0.9143355928284987,roc_auc_score,ANOVA,30836,100,Classification,0.0,13325.748504,0.0,362706.56777
63,25000,MIMIC,septic_pvals,MI,2,3,0.9158531199705979,roc_auc_score,ANOVA,30836,100,Classification,0.0,13456.037111,0.0,367409.398301
64,25000,MIMIC,septic_pvals,MI,2,4,0.9201347990906692,roc_auc_score,ANOVA,30836,100,Classification,0.0,13409.895319,0.0,365399.187664
65,25000,MIMIC,septic_pvals,MI,3,0,0.9210453153759288,roc_auc_score,ANOVA,30836,100,Classification,0.0,20048.776547,0.0,609753.370374
66,25000,MIMIC,septic_pvals,MI,3,1,0.9214252899454936,roc_auc_score,ANOVA,30836,100,Classification,0.0,19836.274738,0.0,601968.90377
67,25000,MIMIC,septic_pvals,MI,3,2,0.9212984341609587,roc_auc_score,ANOVA,30836,100,Classification,0.0,20089.251189,0.0,612273.975665
68,25000,MIMIC,septic_pvals,MI,3,3,0.9273691355133954,roc_auc_score,ANOVA,30836,100,Classification,0.0,19824.007076,0.0,601130.282645
69,25000,MIMIC,septic_pvals,MI,3,4,0.9220435636990909,roc_auc_score,ANOVA,30836,100,Classification,0.0,20011.422815,0.0,608631.188243
70,25000,MIMIC,septic_pvals,MI,4,0,0.918668251376,roc_auc_score,ANOVA,30836,100,Classification,0.0,20064.692406,0.0,609068.19082
71,25000,MIMIC,septic_pvals,MI,4,1,0.9134493806888745,roc_auc_score,ANOVA,30836,100,Classification,0.0,20015.41875,0.0,606754.293128
72,25000,MIMIC,septic_pvals,MI,4,2,0.9230198790127775,roc_auc_score,ANOVA,30836,100,Classification,0.0,19980.611217,0.0,605855.774952
73,25000,MIMIC,septic_pvals,MI,4,3,0.9130569576544721,roc_auc_score,ANOVA,30836,100,Classification,0.0,20098.252429,0.0,609848.337039
74,25000,MIMIC,septic_pvals,MI,4,4,0.9270620733807363,roc_auc_score,ANOVA,30836,100,Classification,0.0,20055.895436,0.0,608740.05202
75,25000,MIMIC,septic_pvals,MI+mask,0,0,0.931296329777617,roc_auc_score,ANOVA,30836,100,Classification,0.0,23511.04585,0.0,680084.696674
76,25000,MIMIC,septic_pvals,MI+mask,0,1,0.9408448950920445,roc_auc_score,ANOVA,30836,100,Classification,0.0,23708.685806,0.0,689260.372714
77,25000,MIMIC,septic_pvals,MI+mask,0,2,0.9301427720360056,roc_auc_score,ANOVA,30836,100,Classification,0.0,23430.414831,0.0,678002.194603
78,25000,MIMIC,septic_pvals,MI+mask,0,3,0.9374114899330451,roc_auc_score,ANOVA,30836,100,Classification,0.0,23696.321484,0.0,688162.906509
79,25000,MIMIC,septic_pvals,MI+mask,0,4,0.9374974436188281,roc_auc_score,ANOVA,30836,100,Classification,0.0,23709.964427,0.0,688221.984587
80,25000,MIMIC,septic_pvals,MI+mask,1,0,0.9298837254105771,roc_auc_score,ANOVA,30836,100,Classification,0.0,23585.227709,0.0,684262.475998
81,25000,MIMIC,septic_pvals,MI+mask,1,1,0.9362620816797128,roc_auc_score,ANOVA,30836,100,Classification,0.0,23589.421679,0.0,683790.045366
82,25000,MIMIC,septic_pvals,MI+mask,1,2,0.9318831859771007,roc_auc_score,ANOVA,30836,100,Classification,0.0,23594.349488,0.0,684420.052886
83,25000,MIMIC,septic_pvals,MI+mask,1,3,0.934036177609954,roc_auc_score,ANOVA,30836,100,Classification,0.0,23667.487724,0.0,687746.524594
84,25000,MIMIC,septic_pvals,MI+mask,1,4,0.9375786550322919,roc_auc_score,ANOVA,30836,100,Classification,0.0,23813.090333,0.0,694051.178018
85,25000,MIMIC,septic_pvals,MI+mask,2,0,0.9256678453189328,roc_auc_score,ANOVA,30836,100,Classification,0.0,23321.037294,0.0,673089.950021
86,25000,MIMIC,septic_pvals,MI+mask,2,1,0.9291658639382794,roc_auc_score,ANOVA,30836,100,Classification,0.0,23609.205997,0.0,684372.097479
87,25000,MIMIC,septic_pvals,MI+mask,2,2,0.9361992465714853,roc_auc_score,ANOVA,30836,100,Classification,0.0,23586.051103,0.0,684712.062769
88,25000,MIMIC,septic_pvals,MI+mask,2,3,0.9344511264378718,roc_auc_score,ANOVA,30836,100,Classification,0.0,23506.923025,0.0,680492.550585
89,25000,MIMIC,septic_pvals,MI+mask,2,4,0.9363261023560202,roc_auc_score,ANOVA,30836,100,Classification,0.0,23593.573816,0.0,684034.384234
90,25000,MIMIC,septic_pvals,MI+mask,3,0,0.9392319297195243,roc_auc_score,ANOVA,30836,100,Classification,0.0,15409.540269,0.0,407911.451273
91,25000,MIMIC,septic_pvals,MI+mask,3,1,0.939233708071644,roc_auc_score,ANOVA,30836,100,Classification,0.0,19205.970403,0.0,510522.13176
92,25000,MIMIC,septic_pvals,MI+mask,3,2,0.9374612837923952,roc_auc_score,ANOVA,30836,100,Classification,0.0,16156.520132,0.0,431382.733025
93,25000,MIMIC,septic_pvals,MI+mask,3,3,0.9494378925341814,roc_auc_score,ANOVA,30836,100,Classification,0.0,14629.399493,0.0,384216.623973
94,25000,MIMIC,septic_pvals,MI+mask,3,4,0.9424679377932428,roc_auc_score,ANOVA,30836,100,Classification,0.0,14689.29652,0.0,388520.167481
95,25000,MIMIC,septic_pvals,MI+mask,4,0,0.9359994783500448,roc_auc_score,ANOVA,30836,100,Classification,0.0,15388.495224,0.0,401941.506634
96,25000,MIMIC,septic_pvals,MI+mask,4,1,0.9330076973007578,roc_auc_score,ANOVA,30836,100,Classification,0.0,15243.780369,0.0,396510.490938
97,25000,MIMIC,septic_pvals,MI+mask,4,2,0.9360611278901928,roc_auc_score,ANOVA,30836,100,Classification,0.0,15224.497036,0.0,398015.70273
98,25000,MIMIC,septic_pvals,MI+mask,4,3,0.9329656096339262,roc_auc_score,ANOVA,30836,100,Classification,0.0,14734.939187,0.0,385156.522339
99,25000,MIMIC,septic_pvals,MI+mask,4,4,0.9436031192296179,roc_auc_score,ANOVA,30836,100,Classification,0.0,14670.27002,0.0,385628.641091
100,25000,UKBB,breast_25,MI,0,0,0.6394518991784904,roc_auc_score,manual,273384,66,Classification,0.0,9959.98747,0.0,352529.81762
101,25000,UKBB,breast_25,MI,0,1,0.6402214001837623,roc_auc_score,manual,273384,66,Classification,0.0,9762.10744,0.0,345168.911267
102,25000,UKBB,breast_25,MI,0,2,0.6431232431777323,roc_auc_score,manual,273384,66,Classification,0.0,9587.096382,0.0,338408.933188
103,25000,UKBB,breast_25,MI,0,3,0.6408674882999795,roc_auc_score,manual,273384,66,Classification,0.0,9616.302322,0.0,339517.504472
104,25000,UKBB,breast_25,MI,0,4,0.6428128697037667,roc_auc_score,manual,273384,66,Classification,0.0,9724.175336,0.0,343746.771763
105,25000,UKBB,breast_25,MI+mask,0,0,0.6388058793123225,roc_auc_score,manual,273384,66,Classification,0.0,9988.321038,0.0,347401.98958
106,25000,UKBB,breast_25,MI+mask,0,1,0.6412137227498225,roc_auc_score,manual,273384,66,Classification,0.0,9811.46469,0.0,341908.848813
107,25000,UKBB,breast_25,MI+mask,0,2,0.6423887412477157,roc_auc_score,manual,273384,66,Classification,0.0,9676.450661,0.0,336864.513382
108,25000,UKBB,breast_25,MI+mask,0,3,0.6412643549863586,roc_auc_score,manual,273384,66,Classification,0.0,9646.946303,0.0,335967.414197
109,25000,UKBB,breast_25,MI+mask,0,4,0.6431260279297417,roc_auc_score,manual,273384,66,Classification,0.0,9746.935926,0.0,339904.458333
110,25000,UKBB,breast_pvals,MI,0,0,0.6131738118049533,roc_auc_score,ANOVA,182257,100,Classification,0.0,15729.692467,0.0,466680.305014
111,25000,UKBB,breast_pvals,MI,0,1,0.6121517025870835,roc_auc_score,ANOVA,182257,100,Classification,0.0,15784.780617,0.0,467893.037878
112,25000,UKBB,breast_pvals,MI,0,2,0.6116038861215652,roc_auc_score,ANOVA,182257,100,Classification,0.0,15853.306457,0.0,471375.462099
113,25000,UKBB,breast_pvals,MI,0,3,0.6138449680764875,roc_auc_score,ANOVA,182257,100,Classification,0.0,15675.859861,0.0,466690.933398
114,25000,UKBB,breast_pvals,MI,0,4,0.6155323738397633,roc_auc_score,ANOVA,182257,100,Classification,0.0,15760.009614,0.0,468619.443141
115,25000,UKBB,breast_pvals,MI,1,0,0.6062187416355952,roc_auc_score,ANOVA,182257,100,Classification,0.0,15971.613143,0.0,475944.435617
116,25000,UKBB,breast_pvals,MI,1,1,0.6070158575170642,roc_auc_score,ANOVA,182257,100,Classification,0.0,16018.466373,0.0,476648.951136
117,25000,UKBB,breast_pvals,MI,1,2,0.6082648752236444,roc_auc_score,ANOVA,182257,100,Classification,0.0,16087.358653,0.0,480527.468615
118,25000,UKBB,breast_pvals,MI,1,3,0.6075473407028076,roc_auc_score,ANOVA,182257,100,Classification,0.0,15971.18481,0.0,478261.078038
119,25000,UKBB,breast_pvals,MI,1,4,0.6106467241180367,roc_auc_score,ANOVA,182257,100,Classification,0.0,16104.756378,0.0,482087.353308
120,25000,UKBB,breast_pvals,MI,2,0,0.6021166243256422,roc_auc_score,ANOVA,182257,100,Classification,0.0,22455.470127,0.0,688359.737765
121,25000,UKBB,breast_pvals,MI,2,1,0.5994068093421033,roc_auc_score,ANOVA,182257,100,Classification,0.0,20223.913948,0.0,620452.078573
122,25000,UKBB,breast_pvals,MI,2,2,0.6053528642722338,roc_auc_score,ANOVA,182257,100,Classification,0.0,28929.611554,0.0,880942.787592
123,25000,UKBB,breast_pvals,MI,2,3,0.6050454801143629,roc_auc_score,ANOVA,182257,100,Classification,0.0,26938.414137,0.0,837022.356235
124,25000,UKBB,breast_pvals,MI,2,4,0.5983199487261359,roc_auc_score,ANOVA,182257,100,Classification,0.0,20686.87145,0.0,632017.09589
125,25000,UKBB,breast_pvals,MI,3,0,0.6126566068601095,roc_auc_score,ANOVA,182257,100,Classification,0.0,18020.938243,0.0,556624.232981
126,25000,UKBB,breast_pvals,MI,3,1,0.6064537598408556,roc_auc_score,ANOVA,182257,100,Classification,0.0,18890.337774,0.0,589656.822284
127,25000,UKBB,breast_pvals,MI,3,2,0.6070517546790272,roc_auc_score,ANOVA,182257,100,Classification,0.0,17334.128453,0.0,532508.186108
128,25000,UKBB,breast_pvals,MI,3,3,0.6058116682899646,roc_auc_score,ANOVA,182257,100,Classification,0.0,17491.528795,0.0,539440.354877
129,25000,UKBB,breast_pvals,MI,3,4,0.6041036215600016,roc_auc_score,ANOVA,182257,100,Classification,0.0,19813.507264,0.0,624228.197727
130,25000,UKBB,breast_pvals,MI,4,0,0.6079016679539861,roc_auc_score,ANOVA,182257,100,Classification,0.0,23409.537006,0.0,751870.926306
131,25000,UKBB,breast_pvals,MI,4,1,0.6152895402650115,roc_auc_score,ANOVA,182257,100,Classification,0.0,23557.63519,0.0,756890.307927
132,25000,UKBB,breast_pvals,MI,4,2,0.6078115479297905,roc_auc_score,ANOVA,182257,100,Classification,0.0,23442.236244,0.0,753343.659253
133,25000,UKBB,breast_pvals,MI,4,3,0.6060890037673903,roc_auc_score,ANOVA,182257,100,Classification,0.0,23519.767817,0.0,755528.867559
134,25000,UKBB,breast_pvals,MI,4,4,0.6052224494152908,roc_auc_score,ANOVA,182257,100,Classification,0.0,23560.55759,0.0,758002.32539
135,25000,UKBB,breast_pvals,MI+mask,0,0,0.6193794167166411,roc_auc_score,ANOVA,182257,100,Classification,0.0,18325.702769,0.0,519215.639859
136,25000,UKBB,breast_pvals,MI+mask,0,1,0.6197771479199069,roc_auc_score,ANOVA,182257,100,Classification,0.0,17859.804948,0.0,507637.619147
137,25000,UKBB,breast_pvals,MI+mask,0,2,0.61799733722847,roc_auc_score,ANOVA,182257,100,Classification,0.0,17713.701164,0.0,503945.714903
138,25000,UKBB,breast_pvals,MI+mask,0,3,0.6212077201317256,roc_auc_score,ANOVA,182257,100,Classification,0.0,17683.110654,0.0,503323.559664
139,25000,UKBB,breast_pvals,MI+mask,0,4,0.6223537664681807,roc_auc_score,ANOVA,182257,100,Classification,0.0,17683.713726,0.0,503945.913321
140,25000,UKBB,breast_pvals,MI+mask,1,0,0.6163152520342638,roc_auc_score,ANOVA,182257,100,Classification,0.0,18462.006191,0.0,523727.23125
141,25000,UKBB,breast_pvals,MI+mask,1,1,0.6117629363290468,roc_auc_score,ANOVA,182257,100,Classification,0.0,18084.130013,0.0,515909.06947
142,25000,UKBB,breast_pvals,MI+mask,1,2,0.6140696001640784,roc_auc_score,ANOVA,182257,100,Classification,0.0,17862.375206,0.0,509380.288811
143,25000,UKBB,breast_pvals,MI+mask,1,3,0.6173431119866843,roc_auc_score,ANOVA,182257,100,Classification,0.0,17789.133874,0.0,506507.869967
144,25000,UKBB,breast_pvals,MI+mask,1,4,0.6161571760391563,roc_auc_score,ANOVA,182257,100,Classification,0.0,17800.797793,0.0,507051.039095
145,25000,UKBB,breast_pvals,MI+mask,2,0,0.6104902769289412,roc_auc_score,ANOVA,182257,100,Classification,0.0,18757.901176,0.0,527443.133304
146,25000,UKBB,breast_pvals,MI+mask,2,1,0.6072251866977119,roc_auc_score,ANOVA,182257,100,Classification,0.0,18784.330358,0.0,529257.532558
147,25000,UKBB,breast_pvals,MI+mask,2,2,0.6143371993870071,roc_auc_score,ANOVA,182257,100,Classification,0.0,18970.63199,0.0,536898.337236
148,25000,UKBB,breast_pvals,MI+mask,2,3,0.6124104795456666,roc_auc_score,ANOVA,182257,100,Classification,0.0,18883.463782,0.0,533211.315308
149,25000,UKBB,breast_pvals,MI+mask,2,4,0.6045219600548389,roc_auc_score,ANOVA,182257,100,Classification,0.0,18942.740833,0.0,535462.048006
150,25000,UKBB,breast_pvals,MI+mask,3,0,0.6190647407782461,roc_auc_score,ANOVA,182257,100,Classification,0.0,19191.583771,0.0,541853.608441
151,25000,UKBB,breast_pvals,MI+mask,3,1,0.6144288066816133,roc_auc_score,ANOVA,182257,100,Classification,0.0,19223.642502,0.0,544236.111408
152,25000,UKBB,breast_pvals,MI+mask,3,2,0.6153173858512102,roc_auc_score,ANOVA,182257,100,Classification,0.0,19335.265525,0.0,548968.193576
153,25000,UKBB,breast_pvals,MI+mask,3,3,0.6130400841495145,roc_auc_score,ANOVA,182257,100,Classification,0.0,19306.606729,0.0,547595.046686
154,25000,UKBB,breast_pvals,MI+mask,3,4,0.6125692745977172,roc_auc_score,ANOVA,182257,100,Classification,0.0,19251.564044,0.0,545139.903856
155,25000,UKBB,breast_pvals,MI+mask,4,0,0.6170311802277288,roc_auc_score,ANOVA,182257,100,Classification,0.0,18949.36762,0.0,533467.666696
156,25000,UKBB,breast_pvals,MI+mask,4,1,0.6213520845586135,roc_auc_score,ANOVA,182257,100,Classification,0.0,18905.130185,0.0,535510.029027
157,25000,UKBB,breast_pvals,MI+mask,4,2,0.6174623298276412,roc_auc_score,ANOVA,182257,100,Classification,0.0,18926.545943,0.0,533466.866659
158,25000,UKBB,breast_pvals,MI+mask,4,3,0.61343413596995,roc_auc_score,ANOVA,182257,100,Classification,0.0,19091.580451,0.0,540379.392739
159,25000,UKBB,breast_pvals,MI+mask,4,4,0.6135325354308667,roc_auc_score,ANOVA,182257,100,Classification,0.0,19204.726211,0.0,544822.277302
160,25000,UKBB,fluid_pvals,MI,0,0,0.6214454602834287,r2_score,ANOVA,110308,100,Regression,0.0,22822.77509,0.0,725529.667147
161,25000,UKBB,fluid_pvals,MI,0,1,0.6166619404246401,r2_score,ANOVA,110308,100,Regression,0.0,21225.635353,0.0,671179.948988
162,25000,UKBB,fluid_pvals,MI,0,2,0.6208157990795583,r2_score,ANOVA,110308,100,Regression,0.0,21644.90298,0.0,685590.904391
163,25000,UKBB,fluid_pvals,MI,0,3,0.6224306497550529,r2_score,ANOVA,110308,100,Regression,0.0,27095.415969,0.0,887158.790416
164,25000,UKBB,fluid_pvals,MI,0,4,0.6206207852562229,r2_score,ANOVA,110308,100,Regression,0.0,21766.850329,0.0,694292.527911
165,25000,UKBB,fluid_pvals,MI,1,0,0.6228541196449227,r2_score,ANOVA,110308,100,Regression,0.0,16530.958048,0.0,518252.639852
166,25000,UKBB,fluid_pvals,MI,1,1,0.6244205992040488,r2_score,ANOVA,110308,100,Regression,0.0,16206.463841,0.0,507015.209476
167,25000,UKBB,fluid_pvals,MI,1,2,0.6237649321434637,r2_score,ANOVA,110308,100,Regression,0.0,16237.22919,0.0,508532.514994
168,25000,UKBB,fluid_pvals,MI,1,3,0.6237680356078135,r2_score,ANOVA,110308,100,Regression,0.0,16124.17167,0.0,503696.322739
169,25000,UKBB,fluid_pvals,MI,1,4,0.6236627822407567,r2_score,ANOVA,110308,100,Regression,0.0,16145.412374,0.0,504620.467977
170,25000,UKBB,fluid_pvals,MI,2,0,0.6233266861088991,r2_score,ANOVA,110308,100,Regression,0.0,16643.419852,0.0,523111.788214
171,25000,UKBB,fluid_pvals,MI,2,1,0.6219047260468149,r2_score,ANOVA,110308,100,Regression,0.0,16432.346256,0.0,516250.831631
172,25000,UKBB,fluid_pvals,MI,2,2,0.6214538787795405,r2_score,ANOVA,110308,100,Regression,0.0,16365.089536,0.0,513668.299168
173,25000,UKBB,fluid_pvals,MI,2,3,0.6226402480456512,r2_score,ANOVA,110308,100,Regression,0.0,16309.88744,0.0,511523.102829
174,25000,UKBB,fluid_pvals,MI,2,4,0.6211773992764931,r2_score,ANOVA,110308,100,Regression,0.0,16403.116432,0.0,513176.646042
175,25000,UKBB,fluid_pvals,MI,3,0,0.6206400092643463,r2_score,ANOVA,110308,100,Regression,0.0,27689.885694,0.0,881671.981216
176,25000,UKBB,fluid_pvals,MI,3,1,0.6266167425254283,r2_score,ANOVA,110308,100,Regression,0.0,27293.011548,0.0,869363.98476
177,25000,UKBB,fluid_pvals,MI,3,2,0.6231023158989761,r2_score,ANOVA,110308,100,Regression,0.0,27364.061967,0.0,872167.660438
178,25000,UKBB,fluid_pvals,MI,3,3,0.6231239817952512,r2_score,ANOVA,110308,100,Regression,0.0,27515.858677,0.0,876064.286848
179,25000,UKBB,fluid_pvals,MI,3,4,0.6226197683281434,r2_score,ANOVA,110308,100,Regression,0.0,27435.92882,0.0,874305.423608
180,25000,UKBB,fluid_pvals,MI,4,0,0.6263651260401653,r2_score,ANOVA,110308,100,Regression,0.0,26734.722408,0.0,846026.758562
181,25000,UKBB,fluid_pvals,MI,4,1,0.6273880720808551,r2_score,ANOVA,110308,100,Regression,0.0,26644.851713,0.0,843345.115087
182,25000,UKBB,fluid_pvals,MI,4,2,0.6259553347649309,r2_score,ANOVA,110308,100,Regression,0.0,26605.197087,0.0,842658.99504
183,25000,UKBB,fluid_pvals,MI,4,3,0.6271483062606591,r2_score,ANOVA,110308,100,Regression,0.0,26597.973919,0.0,842999.241524
184,25000,UKBB,fluid_pvals,MI,4,4,0.624177274632171,r2_score,ANOVA,110308,100,Regression,0.0,26646.527765,0.0,843738.682406
185,25000,UKBB,fluid_pvals,MI+mask,0,0,0.6254407529067161,r2_score,ANOVA,110308,100,Regression,0.0,30333.881841,0.0,927480.833102
186,25000,UKBB,fluid_pvals,MI+mask,0,1,0.6201147862328567,r2_score,ANOVA,110308,100,Regression,0.0,30277.573652,0.0,926444.353803
187,25000,UKBB,fluid_pvals,MI+mask,0,2,0.6240061138455316,r2_score,ANOVA,110308,100,Regression,0.0,30305.646936,0.0,928772.7391
188,25000,UKBB,fluid_pvals,MI+mask,0,3,0.6260704550797945,r2_score,ANOVA,110308,100,Regression,0.0,30371.276268,0.0,929843.253317
189,25000,UKBB,fluid_pvals,MI+mask,0,4,0.6241791812110102,r2_score,ANOVA,110308,100,Regression,0.0,30490.355214,0.0,935004.863492
190,25000,UKBB,fluid_pvals,MI+mask,1,0,0.6265328090486229,r2_score,ANOVA,110308,100,Regression,0.0,29590.567839,0.0,900603.027337
191,25000,UKBB,fluid_pvals,MI+mask,1,1,0.6276347494197696,r2_score,ANOVA,110308,100,Regression,0.0,29623.712439,0.0,903087.51498
192,25000,UKBB,fluid_pvals,MI+mask,1,2,0.6270053489729552,r2_score,ANOVA,110308,100,Regression,0.0,29651.299647,0.0,905296.09009
193,25000,UKBB,fluid_pvals,MI+mask,1,3,0.6270230862384977,r2_score,ANOVA,110308,100,Regression,0.0,29530.924206,0.0,900960.846963
194,25000,UKBB,fluid_pvals,MI+mask,1,4,0.626603365003443,r2_score,ANOVA,110308,100,Regression,0.0,29608.990361,0.0,902628.577297
195,25000,UKBB,fluid_pvals,MI+mask,2,0,0.6277099968081152,r2_score,ANOVA,110308,100,Regression,0.0,30131.379768,0.0,926648.807152
196,25000,UKBB,fluid_pvals,MI+mask,2,1,0.6256036484464451,r2_score,ANOVA,110308,100,Regression,0.0,30352.436659,0.0,936704.704199
197,25000,UKBB,fluid_pvals,MI+mask,2,2,0.6252193619118496,r2_score,ANOVA,110308,100,Regression,0.0,30260.910082,0.0,932947.129454
198,25000,UKBB,fluid_pvals,MI+mask,2,3,0.6267200739034408,r2_score,ANOVA,110308,100,Regression,0.0,30145.031557,0.0,928235.805406
199,25000,UKBB,fluid_pvals,MI+mask,2,4,0.6247416255637612,r2_score,ANOVA,110308,100,Regression,0.0,30306.238665,0.0,935055.045746
200,25000,UKBB,fluid_pvals,MI+mask,3,0,0.6241207405542711,r2_score,ANOVA,110308,100,Regression,0.0,29323.018853,0.0,898585.695704
201,25000,UKBB,fluid_pvals,MI+mask,3,1,0.6299502477706411,r2_score,ANOVA,110308,100,Regression,0.0,29142.059783,0.0,894397.119767
202,25000,UKBB,fluid_pvals,MI+mask,3,2,0.6265025899793089,r2_score,ANOVA,110308,100,Regression,0.0,29275.794587,0.0,899745.269067
203,25000,UKBB,fluid_pvals,MI+mask,3,3,0.626305662840162,r2_score,ANOVA,110308,100,Regression,0.0,29309.148916,0.0,900499.074701
204,25000,UKBB,fluid_pvals,MI+mask,3,4,0.6258463764417381,r2_score,ANOVA,110308,100,Regression,0.0,29377.208751,0.0,902918.726255
205,25000,UKBB,fluid_pvals,MI+mask,4,0,0.6297556048053499,r2_score,ANOVA,110308,100,Regression,0.0,29681.61543,0.0,903360.160855
206,25000,UKBB,fluid_pvals,MI+mask,4,1,0.6312434096206665,r2_score,ANOVA,110308,100,Regression,0.0,29603.701255,0.0,902850.806713
207,25000,UKBB,fluid_pvals,MI+mask,4,2,0.6295609396993584,r2_score,ANOVA,110308,100,Regression,0.0,29610.304596,0.0,903852.926996
208,25000,UKBB,fluid_pvals,MI+mask,4,3,0.6304685070910996,r2_score,ANOVA,110308,100,Regression,0.0,29589.670806,0.0,903287.970328
209,25000,UKBB,fluid_pvals,MI+mask,4,4,0.6276488304401522,r2_score,ANOVA,110308,100,Regression,0.0,29628.00749,0.0,903908.783835
210,25000,UKBB,parkinson_pvals,MI,0,0,0.6786486942229149,roc_auc_score,ANOVA,335005,100,Classification,0.0,13353.792816,0.0,342473.140707
211,25000,UKBB,parkinson_pvals,MI,0,1,0.6912619914409609,roc_auc_score,ANOVA,335005,100,Classification,0.0,13430.952271,0.0,344767.573115
212,25000,UKBB,parkinson_pvals,MI,0,2,0.7279193228028635,roc_auc_score,ANOVA,335005,100,Classification,0.0,13556.399567,0.0,349604.616369
213,25000,UKBB,parkinson_pvals,MI,0,3,0.7058536798365582,roc_auc_score,ANOVA,335005,100,Classification,0.0,13320.36522,0.0,340647.043768
214,25000,UKBB,parkinson_pvals,MI,0,4,0.6483756250210782,roc_auc_score,ANOVA,335005,100,Classification,0.0,13329.938545,0.0,341933.051233
215,25000,UKBB,parkinson_pvals,MI,1,0,0.6806783544350982,roc_auc_score,ANOVA,335005,100,Classification,0.0,13882.27414,0.0,358375.730194
216,25000,UKBB,parkinson_pvals,MI,1,1,0.6612131186532738,roc_auc_score,ANOVA,335005,100,Classification,0.0,14242.203097,0.0,373352.527965
217,25000,UKBB,parkinson_pvals,MI,1,2,0.6915664461527812,roc_auc_score,ANOVA,335005,100,Classification,0.0,14299.073795,0.0,375082.799546
218,25000,UKBB,parkinson_pvals,MI,1,3,0.6730118552098846,roc_auc_score,ANOVA,335005,100,Classification,0.0,14680.230145,0.0,390269.664809
219,25000,UKBB,parkinson_pvals,MI,1,4,0.646122215694175,roc_auc_score,ANOVA,335005,100,Classification,0.0,14944.572006,0.0,400661.054557
220,25000,UKBB,parkinson_pvals,MI,2,0,0.6625549814423988,roc_auc_score,ANOVA,335005,100,Classification,0.0,14171.331809,0.0,365482.617836
221,25000,UKBB,parkinson_pvals,MI,2,1,0.6911182024242919,roc_auc_score,ANOVA,335005,100,Classification,0.0,14761.784902,0.0,389579.344746
222,25000,UKBB,parkinson_pvals,MI,2,2,0.6970796388234605,roc_auc_score,ANOVA,335005,100,Classification,0.0,14687.083364,0.0,386812.307581
223,25000,UKBB,parkinson_pvals,MI,2,3,0.686110032109709,roc_auc_score,ANOVA,335005,100,Classification,0.0,14560.983557,0.0,381271.245255
224,25000,UKBB,parkinson_pvals,MI,2,4,0.6976424551058698,roc_auc_score,ANOVA,335005,100,Classification,0.0,14758.134539,0.0,388935.463805
225,25000,UKBB,parkinson_pvals,MI,3,0,0.7227946700367958,roc_auc_score,ANOVA,335005,100,Classification,0.0,13299.79206,0.0,339162.371841
226,25000,UKBB,parkinson_pvals,MI,3,1,0.6892378976216806,roc_auc_score,ANOVA,335005,100,Classification,0.0,13162.645125,0.0,333760.411345
227,25000,UKBB,parkinson_pvals,MI,3,2,0.6922186726211924,roc_auc_score,ANOVA,335005,100,Classification,0.0,13274.863419,0.0,338183.678062
228,25000,UKBB,parkinson_pvals,MI,3,3,0.7334493069521336,roc_auc_score,ANOVA,335005,100,Classification,0.0,13142.776796,0.0,333141.573152
229,25000,UKBB,parkinson_pvals,MI,3,4,0.7186141456669642,roc_auc_score,ANOVA,335005,100,Classification,0.0,13461.753554,0.0,344762.040877
230,25000,UKBB,parkinson_pvals,MI,4,0,0.7151056141403418,roc_auc_score,ANOVA,335005,100,Classification,0.0,12907.970019,0.0,325427.959667
231,25000,UKBB,parkinson_pvals,MI,4,1,0.7055806354846896,roc_auc_score,ANOVA,335005,100,Classification,0.0,12969.070461,0.0,327957.8739
232,25000,UKBB,parkinson_pvals,MI,4,2,0.6985864202023142,roc_auc_score,ANOVA,335005,100,Classification,0.0,13079.859676,0.0,332758.221814
233,25000,UKBB,parkinson_pvals,MI,4,3,0.6984734096464027,roc_auc_score,ANOVA,335005,100,Classification,0.0,13052.054492,0.0,331813.030265
234,25000,UKBB,parkinson_pvals,MI,4,4,0.6909896712881691,roc_auc_score,ANOVA,335005,100,Classification,0.0,13270.099571,0.0,340071.785719
235,25000,UKBB,parkinson_pvals,MI+mask,0,0,0.6712950915987581,roc_auc_score,ANOVA,335005,100,Classification,0.0,12153.863794,0.0,263460.989775
236,25000,UKBB,parkinson_pvals,MI+mask,0,1,0.6940300010117487,roc_auc_score,ANOVA,335005,100,Classification,0.0,12166.63052,0.0,262868.637632
237,25000,UKBB,parkinson_pvals,MI+mask,0,2,0.7121015511705222,roc_auc_score,ANOVA,335005,100,Classification,0.0,12335.969043,0.0,269309.622098
238,25000,UKBB,parkinson_pvals,MI+mask,0,3,0.7023039683624404,roc_auc_score,ANOVA,335005,100,Classification,0.0,12200.344631,0.0,263947.25268
239,25000,UKBB,parkinson_pvals,MI+mask,0,4,0.655381022789196,roc_auc_score,ANOVA,335005,100,Classification,0.0,12189.423242,0.0,264467.966248
240,25000,UKBB,parkinson_pvals,MI+mask,1,0,0.6843770095193128,roc_auc_score,ANOVA,335005,100,Classification,0.0,11385.380846,0.0,239287.688511
241,25000,UKBB,parkinson_pvals,MI+mask,1,1,0.6862071031859435,roc_auc_score,ANOVA,335005,100,Classification,0.0,11497.893862,0.0,243413.039215
242,25000,UKBB,parkinson_pvals,MI+mask,1,2,0.6955494132744979,roc_auc_score,ANOVA,335005,100,Classification,0.0,11513.317628,0.0,243706.483382
243,25000,UKBB,parkinson_pvals,MI+mask,1,3,0.6787744066626314,roc_auc_score,ANOVA,335005,100,Classification,0.0,11629.059425,0.0,250184.625094
244,25000,UKBB,parkinson_pvals,MI+mask,1,4,0.6633898054779981,roc_auc_score,ANOVA,335005,100,Classification,0.0,11542.503094,0.0,245386.744647
245,25000,UKBB,parkinson_pvals,MI+mask,2,0,0.6867442956010231,roc_auc_score,ANOVA,335005,100,Classification,0.0,11632.848926,0.0,244810.951253
246,25000,UKBB,parkinson_pvals,MI+mask,2,1,0.7040281088641611,roc_auc_score,ANOVA,335005,100,Classification,0.0,11781.372966,0.0,250465.844502
247,25000,UKBB,parkinson_pvals,MI+mask,2,2,0.6999220562993782,roc_auc_score,ANOVA,335005,100,Classification,0.0,11931.47146,0.0,256241.379311
248,25000,UKBB,parkinson_pvals,MI+mask,2,3,0.697062513645295,roc_auc_score,ANOVA,335005,100,Classification,0.0,11609.434041,0.0,245357.491319
249,25000,UKBB,parkinson_pvals,MI+mask,2,4,0.6956227277810221,roc_auc_score,ANOVA,335005,100,Classification,0.0,11871.814834,0.0,254128.061298
250,25000,UKBB,parkinson_pvals,MI+mask,3,0,0.7124859872803663,roc_auc_score,ANOVA,335005,100,Classification,0.0,15494.227686,0.0,358492.319874
251,25000,UKBB,parkinson_pvals,MI+mask,3,1,0.7129147983336321,roc_auc_score,ANOVA,335005,100,Classification,0.0,15348.703904,0.0,354436.547534
252,25000,UKBB,parkinson_pvals,MI+mask,3,2,0.7154691620768183,roc_auc_score,ANOVA,335005,100,Classification,0.0,15402.612728,0.0,357347.864203
253,25000,UKBB,parkinson_pvals,MI+mask,3,3,0.7239092124157542,roc_auc_score,ANOVA,335005,100,Classification,0.0,15357.266748,0.0,353894.155911
254,25000,UKBB,parkinson_pvals,MI+mask,3,4,0.7208250828480195,roc_auc_score,ANOVA,335005,100,Classification,0.0,15619.852424,0.0,365328.993036
255,25000,UKBB,parkinson_pvals,MI+mask,4,0,0.7080982354747498,roc_auc_score,ANOVA,335005,100,Classification,0.0,15187.098433,0.0,348652.636163
256,25000,UKBB,parkinson_pvals,MI+mask,4,1,0.7272860604102729,roc_auc_score,ANOVA,335005,100,Classification,0.0,15086.363002,0.0,346686.170239
257,25000,UKBB,parkinson_pvals,MI+mask,4,2,0.7015287842508002,roc_auc_score,ANOVA,335005,100,Classification,0.0,15340.746135,0.0,356562.454642
258,25000,UKBB,parkinson_pvals,MI+mask,4,3,0.712048024338769,roc_auc_score,ANOVA,335005,100,Classification,0.0,15416.341063,0.0,358037.968702
259,25000,UKBB,parkinson_pvals,MI+mask,4,4,0.7000506016354829,roc_auc_score,ANOVA,335005,100,Classification,0.0,15580.63274,0.0,365500.621612
260,25000,UKBB,skin_pvals,MI,0,0,0.6753221138189508,roc_auc_score,ANOVA,335005,100,Classification,0.0,20745.377191,0.0,643646.552887
261,25000,UKBB,skin_pvals,MI,0,1,0.6736654980818343,roc_auc_score,ANOVA,335005,100,Classification,0.0,20475.313402,0.0,632958.076868
262,25000,UKBB,skin_pvals,MI,0,2,0.6784448672928721,roc_auc_score,ANOVA,335005,100,Classification,0.0,20182.805828,0.0,621554.733539
263,25000,UKBB,skin_pvals,MI,0,3,0.6753298529972275,roc_auc_score,ANOVA,335005,100,Classification,0.0,20324.878494,0.0,626601.460335
264,25000,UKBB,skin_pvals,MI,0,4,0.6743789768203725,roc_auc_score,ANOVA,335005,100,Classification,0.0,20318.212595,0.0,626058.311205
265,25000,UKBB,skin_pvals,MI,1,0,0.6788151810031282,roc_auc_score,ANOVA,335005,100,Classification,0.0,20144.389234,0.0,618244.303159
266,25000,UKBB,skin_pvals,MI,1,1,0.6761342174595213,roc_auc_score,ANOVA,335005,100,Classification,0.0,20272.612961,0.0,623518.119039
267,25000,UKBB,skin_pvals,MI,1,2,0.6787556996163426,roc_auc_score,ANOVA,335005,100,Classification,0.0,19729.754256,0.0,602559.150966
268,25000,UKBB,skin_pvals,MI,1,3,0.6776507536279166,roc_auc_score,ANOVA,335005,100,Classification,0.0,20085.746744,0.0,615995.345294
269,25000,UKBB,skin_pvals,MI,1,4,0.6737999753236057,roc_auc_score,ANOVA,335005,100,Classification,0.0,20065.431476,0.0,614915.069298
270,25000,UKBB,skin_pvals,MI,2,0,0.677275763333774,roc_auc_score,ANOVA,335005,100,Classification,0.0,21594.160975,0.0,677513.004575
271,25000,UKBB,skin_pvals,MI,2,1,0.677570473988829,roc_auc_score,ANOVA,335005,100,Classification,0.0,22037.704745,0.0,695460.094295
272,25000,UKBB,skin_pvals,MI,2,2,0.6790235454877186,roc_auc_score,ANOVA,335005,100,Classification,0.0,21640.963316,0.0,679685.22956
273,25000,UKBB,skin_pvals,MI,2,3,0.678357865034952,roc_auc_score,ANOVA,335005,100,Classification,0.0,21464.52732,0.0,673043.432611
274,25000,UKBB,skin_pvals,MI,2,4,0.6760033405906462,roc_auc_score,ANOVA,335005,100,Classification,0.0,21585.952843,0.0,677835.284326
275,25000,UKBB,skin_pvals,MI,3,0,0.6777532206027187,roc_auc_score,ANOVA,335005,100,Classification,0.0,20319.344176,0.0,624668.561649
276,25000,UKBB,skin_pvals,MI,3,1,0.6754985175789792,roc_auc_score,ANOVA,335005,100,Classification,0.0,20369.508942,0.0,627090.890059
277,25000,UKBB,skin_pvals,MI,3,2,0.6771604595824143,roc_auc_score,ANOVA,335005,100,Classification,0.0,20230.113585,0.0,621293.853209
278,25000,UKBB,skin_pvals,MI,3,3,0.6770569709459029,roc_auc_score,ANOVA,335005,100,Classification,0.0,20332.912539,0.0,625673.456843
279,25000,UKBB,skin_pvals,MI,3,4,0.6784586293009989,roc_auc_score,ANOVA,335005,100,Classification,0.0,20126.152213,0.0,617679.856556
280,25000,UKBB,skin_pvals,MI,4,0,0.6791116615166795,roc_auc_score,ANOVA,335005,100,Classification,0.0,21568.473859,0.0,675285.158761
281,25000,UKBB,skin_pvals,MI,4,1,0.6756804300119807,roc_auc_score,ANOVA,335005,100,Classification,0.0,21597.85495,0.0,676084.537938
282,25000,UKBB,skin_pvals,MI,4,2,0.6749277502625657,roc_auc_score,ANOVA,335005,100,Classification,0.0,21646.833993,0.0,677976.225797
283,25000,UKBB,skin_pvals,MI,4,3,0.6768882295954926,roc_auc_score,ANOVA,335005,100,Classification,0.0,21689.327676,0.0,680193.575495
284,25000,UKBB,skin_pvals,MI,4,4,0.6758616704975402,roc_auc_score,ANOVA,335005,100,Classification,0.0,21620.891259,0.0,677053.882501
285,25000,UKBB,skin_pvals,MI+mask,0,0,0.6758115595978174,roc_auc_score,ANOVA,335005,100,Classification,0.0,15732.383975,0.0,418008.048808
286,25000,UKBB,skin_pvals,MI+mask,0,1,0.6744156772967327,roc_auc_score,ANOVA,335005,100,Classification,0.0,15409.226413,0.0,407417.604639
287,25000,UKBB,skin_pvals,MI+mask,0,2,0.6787496147505632,roc_auc_score,ANOVA,335005,100,Classification,0.0,15287.977834,0.0,403399.340329
288,25000,UKBB,skin_pvals,MI+mask,0,3,0.6763312102374118,roc_auc_score,ANOVA,335005,100,Classification,0.0,15444.549927,0.0,407750.730335
289,25000,UKBB,skin_pvals,MI+mask,0,4,0.6749289976131287,roc_auc_score,ANOVA,335005,100,Classification,0.0,15495.034783,0.0,410457.187362
290,25000,UKBB,skin_pvals,MI+mask,1,0,0.6788107171609311,roc_auc_score,ANOVA,335005,100,Classification,0.0,15921.467744,0.0,423285.446289
291,25000,UKBB,skin_pvals,MI+mask,1,1,0.6762236458959199,roc_auc_score,ANOVA,335005,100,Classification,0.0,15997.597459,0.0,426445.277425
292,25000,UKBB,skin_pvals,MI+mask,1,2,0.6790774200750731,roc_auc_score,ANOVA,335005,100,Classification,0.0,15757.735466,0.0,419325.716919
293,25000,UKBB,skin_pvals,MI+mask,1,3,0.6778653440565274,roc_auc_score,ANOVA,335005,100,Classification,0.0,15866.721462,0.0,424064.462908
294,25000,UKBB,skin_pvals,MI+mask,1,4,0.6733531164845766,roc_auc_score,ANOVA,335005,100,Classification,0.0,15926.233454,0.0,423439.721119
295,25000,UKBB,skin_pvals,MI+mask,2,0,0.6780737497638074,roc_auc_score,ANOVA,335005,100,Classification,0.0,21772.089287,0.0,629749.954145
296,25000,UKBB,skin_pvals,MI+mask,2,1,0.6780190845993259,roc_auc_score,ANOVA,335005,100,Classification,0.0,22249.942051,0.0,648690.259175
297,25000,UKBB,skin_pvals,MI+mask,2,2,0.6802397731688081,roc_auc_score,ANOVA,335005,100,Classification,0.0,21849.037648,0.0,636052.780505
298,25000,UKBB,skin_pvals,MI+mask,2,3,0.6790684383571441,roc_auc_score,ANOVA,335005,100,Classification,0.0,24049.875187,0.0,713283.588239
299,25000,UKBB,skin_pvals,MI+mask,2,4,0.6762732301956751,roc_auc_score,ANOVA,335005,100,Classification,0.0,24432.54869,0.0,717617.571734
300,25000,UKBB,skin_pvals,MI+mask,3,0,0.6779852792837862,roc_auc_score,ANOVA,335005,100,Classification,0.0,15631.838658,0.0,407646.376051
301,25000,UKBB,skin_pvals,MI+mask,3,1,0.6762383853849941,roc_auc_score,ANOVA,335005,100,Classification,0.0,15877.06232,0.0,416218.216547
302,25000,UKBB,skin_pvals,MI+mask,3,2,0.6769807094252872,roc_auc_score,ANOVA,335005,100,Classification,0.0,15763.348812,0.0,413915.972072
303,25000,UKBB,skin_pvals,MI+mask,3,3,0.6776368055347888,roc_auc_score,ANOVA,335005,100,Classification,0.0,15886.444314,0.0,417006.863596
304,25000,UKBB,skin_pvals,MI+mask,3,4,0.6792550351397896,roc_auc_score,ANOVA,335005,100,Classification,0.0,15779.055361,0.0,413434.141587
305,25000,UKBB,skin_pvals,MI+mask,4,0,0.6798198268562737,roc_auc_score,ANOVA,335005,100,Classification,0.0,17358.602767,0.0,475064.467268
306,25000,UKBB,skin_pvals,MI+mask,4,1,0.6767053180213886,roc_auc_score,ANOVA,335005,100,Classification,0.0,17466.519678,0.0,479135.978763
307,25000,UKBB,skin_pvals,MI+mask,4,2,0.6757096542195649,roc_auc_score,ANOVA,335005,100,Classification,0.0,17665.892916,0.0,486884.219631
308,25000,UKBB,skin_pvals,MI+mask,4,3,0.6775966385941623,roc_auc_score,ANOVA,335005,100,Classification,0.0,17696.753126,0.0,488115.924583
309,25000,UKBB,skin_pvals,MI+mask,4,4,0.6758980509007364,roc_auc_score,ANOVA,335005,100,Classification,0.0,17114.361701,0.0,473834.298883
