47-0.0,0.9732732930567258
68-0.0,6.267532137803454e-06
102-0.0,9.140175141620329e-07
129-0.0,0.5376115321294472
130-0.0,0.2632634970194487
699-0.0,2.2557772428785274e-113
709-0.0,1.673671192771707e-54
757-0.0,3.610825006645155e-11
767-0.0,1.4065578770525918e-23
777-0.0,4.881071841030309e-18
1050-0.0,3.126940613234429e-26
1060-0.0,9.623116180774143e-11
1070-0.0,2.931727184504463e-12
1080-0.0,0.23698138030518204
1090-0.0,8.848888620685754e-21
1160-0.0,2.8614929781038406e-19
1269-0.0,0.0783588900624059
1279-0.0,0.0004701847308381586
1289-0.0,2.2579591738373394e-09
1299-0.0,0.7403915289154629
1309-0.0,0.004589244388722701
1319-0.0,0.0008927304312841293
1438-0.0,0.013431558288406665
1458-0.0,5.121707553449705e-32
1488-0.0,0.00033988442882931737
1498-0.0,0.37296934722028907
1528-0.0,5.767563107978596e-11
1568-0.0,0.0005765999383748707
1578-0.0,0.31987885589412113
1588-0.0,7.643029950284255e-06
1598-0.0,0.27991591997504683
1608-0.0,0.003994322026323052
1737-0.0,2.3567631919382776e-37
1807-0.0,1.0462770976863478e-08
2139-0.0,4.802720290365313e-16
2149-0.0,0.014320864243966046
2277-0.0,0.19285125430082364
2867-0.0,0.07597877924376319
2897-0.0,0.14623181762394288
3061-0.0,0.1189809488648329
3581-0.0,0.7783077865504353
3659-0.0,0.8822842502513969
3669-0.0,0.5177603906659121
3680-0.0,9.02552855233744e-05
3700-0.0,0.4103414235596953
3710-0.0,0.8040777327770942
3972-0.0,0.6990204778517632
3982-0.0,0.12508196734178914
4079-0.0,0.3354904447448743
4080-0.0,6.225388280558315e-52
4198-0.0,2.540258002881799e-07
4199-0.0,0.00016969021728347166
4200-0.0,2.8217512162018396e-08
4250-0.0,
4260-0.0,
4269-0.0,0.8683935305341448
4272-0.0,0.00011939613863525171
4279-0.0,5.534668264182801e-13
4282-0.0,0.5238160523309332
4288-0.0,0.07056992461724362
4290-0.0,0.8363281657779881
4291-0.0,0.4832873944572185
4407-0.0,0.8225903037959499
4418-0.0,0.7662243709272416
4429-0.0,0.5286474599418106
4440-0.0,0.1087619994167441
4451-0.0,0.3747991417740958
4462-0.0,0.267300712129624
5057-0.0,7.044023493466873e-07
5077-0.0,0.011672051378142076
5088-0.0,0.0015878522718483432
5089-0.0,0.006920261926035288
5100-0.0,0.02552773326689915
5101-0.0,0.6317851679801361
5102-0.0,0.11240919933738276
5107-0.0,4.178419202760112e-05
5108-0.0,0.017100908271689
5109-0.0,0.08368175446480527
5110-0.0,0.039383909022912264
5111-0.0,0.0022424143333178662
5112-0.0,0.023567329475192068
5188-0.0,0.009256053240293834
5200-0.0,0.2795296205001678
5202-0.0,0.487975549845284
5207-0.0,0.8043491995556259
5209-0.0,0.27808277176349666
5221-0.0,0.335852564004685
5237-0.0,0.8384979104216711
5251-0.0,0.4179072583069041
6032-0.0,6.365081072973569e-06
6038-0.0,0.0008354342008867866
6039-0.0,0.2782147646459299
6071-0.0,0.4190534299622536
6218-0.0,
6219-0.0,
6220-0.0,
6221-0.0,
6222-0.0,
10141-0.0,
10147-0.0,
10241-0.0,
10609-0.0,
10612-0.0,
10717-0.0,
20077-0.0,0.21884380319385704
20081-0.0,0.4187022041364803
20082-0.0,1.4836560385787634e-05
20121-0.0,0.9903213269867748
20128-0.0,0.5723137010083428
20129-0.0,
20130-0.0,
20131-0.0,0.00048073744762855105
20132-0.0,0.00011791621991006814
20159-0.0,1.2509465735329824e-33
20200-0.0,
20229-0.0,0.4065636294293545
20230-0.0,3.157225979814778e-10
20240-0.0,5.015324223413923e-05
20247-0.0,0.3877452011804159
20248-0.0,0.4145228834204665
20461-0.0,0.14194399199982558
21022-0.0,0.0
22011-0.0,0.6097355332454002
22200-0.0,3.5719168873882753e-144
22501-0.0,1.01767336835812e-10
22599-0.0,0.002933770469586349
22602-0.0,4.496900361800187e-118
22642-0.0,0.3782855133722426
22652-0.0,
22661-0.0,0.0001655994288600125
22702-0.0,2.2334359923022162e-10
23000-0.0,0.7135915210554977
23001-0.0,0.3714845738708844
23002-0.0,0.9905870468067542
23007-0.0,0.9919269060687084
23008-0.0,0.5198537480432084
23009-0.0,0.8050838305352909
23010-0.0,0.007915979025404325
23011-0.0,0.10100049692084047
23012-0.0,0.13154066234058345
23017-0.0,0.2780309916297966
23018-0.0,0.6640393774946248
23019-0.0,0.834837193820374
23020-0.0,0.2626798236570907
23021-0.0,0.7403311533974234
23022-0.0,0.01135996414940136
23027-0.0,0.5190787009130521
23028-0.0,0.6286196730512519
23029-0.0,0.5717425040594959
23030-0.0,0.5329351980958995
23031-0.0,0.78792180650011
23032-0.0,0.7427034705619668
23037-0.0,0.5575807070368748
23038-0.0,0.6084978441980218
23039-0.0,
23040-0.0,0.2138723090030444
23041-0.0,0.16182879907397718
23042-0.0,0.5706171926201531
24009-0.0,0.027268889216488637
24011-0.0,0.3147805534914493
30001-0.0,
30011-0.0,
30021-0.0,
30031-0.0,
30041-0.0,
30051-0.0,
30061-0.0,
30071-0.0,
30081-0.0,
30091-0.0,
30101-0.0,
30111-0.0,
30121-0.0,
30131-0.0,
30141-0.0,
30151-0.0,
30161-0.0,
30171-0.0,
30181-0.0,
30201-0.0,
30211-0.0,
30221-0.0,
30231-0.0,
30241-0.0,
30251-0.0,
30261-0.0,
30271-0.0,
30281-0.0,
30291-0.0,
30301-0.0,
90171-0.0,0.07520958013039973
90179-0.0,0.7521881080466023
90180-0.0,0.4395324326813012
90182-0.0,0.6206441086228415
19-0.0_1.0,
19-0.0_2.0,
19-0.0_3.0,
19-0.0_nan,
21-0.0_-1.0,
21-0.0_1.0,
21-0.0_2.0,
21-0.0_3.0,
21-0.0_4.0,
21-0.0_nan,
31-0.0_0.0,
31-0.0_1.0,
52-0.0_1.0,
52-0.0_10.0,
52-0.0_11.0,
52-0.0_12.0,
52-0.0_2.0,
52-0.0_3.0,
52-0.0_4.0,
52-0.0_5.0,
52-0.0_6.0,
52-0.0_7.0,
52-0.0_8.0,
52-0.0_9.0,
62-0.0_1.0,
62-0.0_2.0,
62-0.0_nan,
111-0.0_0.0,
111-0.0_1.0,
111-0.0_nan,
120-0.0_1.0,
120-0.0_2.0,
120-0.0_9.0,
120-0.0_nan,
401-0.0_0.0,
401-0.0_1.0,
401-0.0_2.0,
401-0.0_3.0,
401-0.0_4.0,
401-0.0_5.0,
401-0.0_6.0,
401-0.0_7.0,
401-0.0_8.0,
401-0.0_9.0,
401-0.0_nan,
402-0.0_0.0,
402-0.0_1.0,
402-0.0_2.0,
402-0.0_3.0,
402-0.0_4.0,
402-0.0_5.0,
402-0.0_6.0,
402-0.0_7.0,
402-0.0_8.0,
402-0.0_9.0,
402-0.0_nan,
670-0.0_-3.0,
670-0.0_-7.0,
670-0.0_1.0,
670-0.0_2.0,
670-0.0_3.0,
670-0.0_4.0,
670-0.0_5.0,
670-0.0_nan,
680-0.0_-3.0,
680-0.0_-7.0,
680-0.0_1.0,
680-0.0_2.0,
680-0.0_3.0,
680-0.0_4.0,
680-0.0_5.0,
680-0.0_6.0,
680-0.0_nan,
728-0.0_-1.0,
728-0.0_-3.0,
728-0.0_1.0,
728-0.0_2.0,
728-0.0_3.0,
728-0.0_4.0,
728-0.0_5.0,
728-0.0_nan,
738-0.0_-1.0,
738-0.0_-3.0,
738-0.0_1.0,
738-0.0_2.0,
738-0.0_3.0,
738-0.0_4.0,
738-0.0_5.0,
738-0.0_nan,
971-0.0_-1.0,
971-0.0_-3.0,
971-0.0_1.0,
971-0.0_2.0,
971-0.0_3.0,
971-0.0_4.0,
971-0.0_5.0,
971-0.0_6.0,
971-0.0_nan,
981-0.0_-1.0,
981-0.0_-3.0,
981-0.0_1.0,
981-0.0_2.0,
981-0.0_3.0,
981-0.0_4.0,
981-0.0_5.0,
981-0.0_6.0,
981-0.0_7.0,
981-0.0_nan,
991-0.0_-1.0,
991-0.0_-3.0,
991-0.0_1.0,
991-0.0_2.0,
991-0.0_3.0,
991-0.0_4.0,
991-0.0_5.0,
991-0.0_6.0,
991-0.0_nan,
1001-0.0_-1.0,
1001-0.0_-3.0,
1001-0.0_1.0,
1001-0.0_2.0,
1001-0.0_3.0,
1001-0.0_4.0,
1001-0.0_5.0,
1001-0.0_6.0,
1001-0.0_7.0,
1001-0.0_nan,
1011-0.0_-1.0,
1011-0.0_-3.0,
1011-0.0_1.0,
1011-0.0_2.0,
1011-0.0_3.0,
1011-0.0_4.0,
1011-0.0_5.0,
1011-0.0_6.0,
1011-0.0_nan,
1021-0.0_-1.0,
1021-0.0_-3.0,
1021-0.0_1.0,
1021-0.0_2.0,
1021-0.0_3.0,
1021-0.0_4.0,
1021-0.0_5.0,
1021-0.0_6.0,
1021-0.0_7.0,
1021-0.0_nan,
1031-0.0_-1.0,
1031-0.0_-3.0,
1031-0.0_1.0,
1031-0.0_2.0,
1031-0.0_3.0,
1031-0.0_4.0,
1031-0.0_5.0,
1031-0.0_6.0,
1031-0.0_7.0,
1031-0.0_nan,
1100-0.0_-1.0,
1100-0.0_-3.0,
1100-0.0_1.0,
1100-0.0_2.0,
1100-0.0_3.0,
1100-0.0_4.0,
1100-0.0_5.0,
1100-0.0_nan,
1110-0.0_-1.0,
1110-0.0_-3.0,
1110-0.0_0.0,
1110-0.0_1.0,
1110-0.0_2.0,
1110-0.0_3.0,
1110-0.0_4.0,
1110-0.0_nan,
1120-0.0_-1.0,
1120-0.0_-3.0,
1120-0.0_0.0,
1120-0.0_1.0,
1120-0.0_2.0,
1120-0.0_3.0,
1120-0.0_4.0,
1120-0.0_5.0,
1120-0.0_nan,
1130-0.0_-1.0,
1130-0.0_-3.0,
1130-0.0_0.0,
1130-0.0_1.0,
1130-0.0_2.0,
1130-0.0_3.0,
1130-0.0_4.0,
1130-0.0_nan,
1140-0.0_-1.0,
1140-0.0_-3.0,
1140-0.0_0.0,
1140-0.0_1.0,
1140-0.0_2.0,
1140-0.0_3.0,
1140-0.0_nan,
1150-0.0_-1.0,
1150-0.0_-3.0,
1150-0.0_1.0,
1150-0.0_2.0,
1150-0.0_3.0,
1150-0.0_nan,
1170-0.0_-1.0,
1170-0.0_-3.0,
1170-0.0_1.0,
1170-0.0_2.0,
1170-0.0_3.0,
1170-0.0_4.0,
1170-0.0_nan,
1180-0.0_-1.0,
1180-0.0_-3.0,
1180-0.0_1.0,
1180-0.0_2.0,
1180-0.0_3.0,
1180-0.0_4.0,
1180-0.0_nan,
1200-0.0_-3.0,
1200-0.0_1.0,
1200-0.0_2.0,
1200-0.0_3.0,
1200-0.0_nan,
1210-0.0_-1.0,
1210-0.0_-3.0,
1210-0.0_1.0,
1210-0.0_2.0,
1210-0.0_nan,
1220-0.0_-1.0,
1220-0.0_-3.0,
1220-0.0_0.0,
1220-0.0_1.0,
1220-0.0_2.0,
1220-0.0_3.0,
1220-0.0_nan,
1239-0.0_-3.0,
1239-0.0_0.0,
1239-0.0_1.0,
1239-0.0_2.0,
1239-0.0_nan,
1249-0.0_-3.0,
1249-0.0_1.0,
1249-0.0_2.0,
1249-0.0_3.0,
1249-0.0_4.0,
1249-0.0_nan,
1259-0.0_-3.0,
1259-0.0_0.0,
1259-0.0_1.0,
1259-0.0_2.0,
1259-0.0_nan,
1329-0.0_-1.0,
1329-0.0_-3.0,
1329-0.0_0.0,
1329-0.0_1.0,
1329-0.0_2.0,
1329-0.0_3.0,
1329-0.0_4.0,
1329-0.0_5.0,
1329-0.0_nan,
1339-0.0_-1.0,
1339-0.0_-3.0,
1339-0.0_0.0,
1339-0.0_1.0,
1339-0.0_2.0,
1339-0.0_3.0,
1339-0.0_4.0,
1339-0.0_5.0,
1339-0.0_nan,
1349-0.0_-1.0,
1349-0.0_-3.0,
1349-0.0_0.0,
1349-0.0_1.0,
1349-0.0_2.0,
1349-0.0_3.0,
1349-0.0_4.0,
1349-0.0_5.0,
1349-0.0_nan,
1359-0.0_-1.0,
1359-0.0_-3.0,
1359-0.0_0.0,
1359-0.0_1.0,
1359-0.0_2.0,
1359-0.0_3.0,
1359-0.0_4.0,
1359-0.0_5.0,
1359-0.0_nan,
1369-0.0_-1.0,
1369-0.0_-3.0,
1369-0.0_0.0,
1369-0.0_1.0,
1369-0.0_2.0,
1369-0.0_3.0,
1369-0.0_4.0,
1369-0.0_5.0,
1369-0.0_nan,
1379-0.0_-1.0,
1379-0.0_-3.0,
1379-0.0_0.0,
1379-0.0_1.0,
1379-0.0_2.0,
1379-0.0_3.0,
1379-0.0_4.0,
1379-0.0_5.0,
1379-0.0_nan,
1389-0.0_-1.0,
1389-0.0_-3.0,
1389-0.0_0.0,
1389-0.0_1.0,
1389-0.0_2.0,
1389-0.0_3.0,
1389-0.0_4.0,
1389-0.0_5.0,
1389-0.0_nan,
1408-0.0_-1.0,
1408-0.0_-3.0,
1408-0.0_0.0,
1408-0.0_1.0,
1408-0.0_2.0,
1408-0.0_3.0,
1408-0.0_4.0,
1408-0.0_5.0,
1408-0.0_nan,
1418-0.0_-1.0,
1418-0.0_-3.0,
1418-0.0_1.0,
1418-0.0_2.0,
1418-0.0_3.0,
1418-0.0_4.0,
1418-0.0_5.0,
1418-0.0_6.0,
1418-0.0_nan,
1428-0.0_-1.0,
1428-0.0_-3.0,
1428-0.0_0.0,
1428-0.0_1.0,
1428-0.0_2.0,
1428-0.0_3.0,
1428-0.0_nan,
1448-0.0_-1.0,
1448-0.0_-3.0,
1448-0.0_1.0,
1448-0.0_2.0,
1448-0.0_3.0,
1448-0.0_4.0,
1448-0.0_nan,
1468-0.0_-1.0,
1468-0.0_-3.0,
1468-0.0_1.0,
1468-0.0_2.0,
1468-0.0_3.0,
1468-0.0_4.0,
1468-0.0_5.0,
1468-0.0_nan,
1478-0.0_-3.0,
1478-0.0_1.0,
1478-0.0_2.0,
1478-0.0_3.0,
1478-0.0_4.0,
1478-0.0_nan,
1508-0.0_-1.0,
1508-0.0_-3.0,
1508-0.0_1.0,
1508-0.0_2.0,
1508-0.0_3.0,
1508-0.0_4.0,
1508-0.0_nan,
1518-0.0_-2.0,
1518-0.0_-3.0,
1518-0.0_1.0,
1518-0.0_2.0,
1518-0.0_3.0,
1518-0.0_nan,
1538-0.0_-3.0,
1538-0.0_0.0,
1538-0.0_1.0,
1538-0.0_2.0,
1538-0.0_nan,
1548-0.0_-1.0,
1548-0.0_-3.0,
1548-0.0_1.0,
1548-0.0_2.0,
1548-0.0_3.0,
1548-0.0_nan,
1558-0.0_-3.0,
1558-0.0_1.0,
1558-0.0_2.0,
1558-0.0_3.0,
1558-0.0_4.0,
1558-0.0_5.0,
1558-0.0_6.0,
1558-0.0_nan,
1618-0.0_-1.0,
1618-0.0_-3.0,
1618-0.0_-6.0,
1618-0.0_0.0,
1618-0.0_1.0,
1618-0.0_nan,
1628-0.0_-1.0,
1628-0.0_-3.0,
1628-0.0_1.0,
1628-0.0_2.0,
1628-0.0_3.0,
1628-0.0_nan,
1647-0.0_-1.0,
1647-0.0_-3.0,
1647-0.0_1.0,
1647-0.0_2.0,
1647-0.0_3.0,
1647-0.0_4.0,
1647-0.0_5.0,
1647-0.0_6.0,
1647-0.0_nan,
1677-0.0_-1.0,
1677-0.0_-3.0,
1677-0.0_0.0,
1677-0.0_1.0,
1677-0.0_nan,
1697-0.0_-1.0,
1697-0.0_-3.0,
1697-0.0_1.0,
1697-0.0_2.0,
1697-0.0_3.0,
1697-0.0_nan,
1707-0.0_-3.0,
1707-0.0_1.0,
1707-0.0_2.0,
1707-0.0_3.0,
1707-0.0_nan,
1717-0.0_-1.0,
1717-0.0_-3.0,
1717-0.0_1.0,
1717-0.0_2.0,
1717-0.0_3.0,
1717-0.0_4.0,
1717-0.0_5.0,
1717-0.0_6.0,
1717-0.0_nan,
1727-0.0_-1.0,
1727-0.0_-3.0,
1727-0.0_1.0,
1727-0.0_2.0,
1727-0.0_3.0,
1727-0.0_4.0,
1727-0.0_nan,
1747-0.0_-1.0,
1747-0.0_-3.0,
1747-0.0_1.0,
1747-0.0_2.0,
1747-0.0_3.0,
1747-0.0_4.0,
1747-0.0_5.0,
1747-0.0_6.0,
1747-0.0_nan,
1757-0.0_-1.0,
1757-0.0_-3.0,
1757-0.0_1.0,
1757-0.0_2.0,
1757-0.0_3.0,
1757-0.0_nan,
1767-0.0_-1.0,
1767-0.0_-3.0,
1767-0.0_0.0,
1767-0.0_1.0,
1767-0.0_nan,
1777-0.0_-1.0,
1777-0.0_-3.0,
1777-0.0_0.0,
1777-0.0_1.0,
1777-0.0_nan,
1797-0.0_-1.0,
1797-0.0_-3.0,
1797-0.0_0.0,
1797-0.0_1.0,
1797-0.0_nan,
2110-0.0_-1.0,
2110-0.0_-3.0,
2110-0.0_0.0,
2110-0.0_1.0,
2110-0.0_2.0,
2110-0.0_3.0,
2110-0.0_4.0,
2110-0.0_5.0,
2110-0.0_nan,
2129-0.0_-1.0,
2129-0.0_1.0,
2129-0.0_2.0,
2129-0.0_nan,
2159-0.0_-3.0,
2159-0.0_0.0,
2159-0.0_1.0,
2159-0.0_nan,
2237-0.0_-3.0,
2237-0.0_0.0,
2237-0.0_1.0,
2237-0.0_2.0,
2237-0.0_nan,
2267-0.0_-1.0,
2267-0.0_-3.0,
2267-0.0_1.0,
2267-0.0_2.0,
2267-0.0_3.0,
2267-0.0_4.0,
2267-0.0_5.0,
2267-0.0_nan,
2877-0.0_-3.0,
2877-0.0_-7.0,
2877-0.0_1.0,
2877-0.0_2.0,
2877-0.0_3.0,
2877-0.0_nan,
2907-0.0_-1.0,
2907-0.0_-3.0,
2907-0.0_0.0,
2907-0.0_1.0,
2907-0.0_nan,
3059-0.0_0.0,
3059-0.0_nan,
3077-0.0_30.0,
3077-0.0_40.0,
3077-0.0_50.0,
3077-0.0_nan,
3081-0.0_1.0,
3081-0.0_2.0,
3081-0.0_nan,
3082-0.0_0.0,
3082-0.0_1.0,
3082-0.0_2.0,
3082-0.0_nan,
3088-0.0_0.0,
3088-0.0_1.0,
3088-0.0_2.0,
3088-0.0_nan,
3089-0.0_0.0,
3089-0.0_1.0,
3089-0.0_nan,
3090-0.0_0.0,
3090-0.0_1.0,
3090-0.0_nan,
3159-0.0_0.0,
3159-0.0_1.0,
3159-0.0_nan,
3637-0.0_-1.0,
3637-0.0_-3.0,
3637-0.0_1.0,
3637-0.0_2.0,
3637-0.0_3.0,
3637-0.0_4.0,
3637-0.0_5.0,
3637-0.0_6.0,
3637-0.0_nan,
3647-0.0_-1.0,
3647-0.0_-3.0,
3647-0.0_1.0,
3647-0.0_2.0,
3647-0.0_3.0,
3647-0.0_4.0,
3647-0.0_5.0,
3647-0.0_6.0,
3647-0.0_7.0,
3647-0.0_nan,
3720-0.0_-1.0,
3720-0.0_-3.0,
3720-0.0_0.0,
3720-0.0_1.0,
3720-0.0_nan,
3731-0.0_-3.0,
3731-0.0_0.0,
3731-0.0_1.0,
3731-0.0_nan,
3859-0.0_-1.0,
3859-0.0_-3.0,
3859-0.0_1.0,
3859-0.0_2.0,
3859-0.0_3.0,
3859-0.0_4.0,
3859-0.0_5.0,
3859-0.0_nan,
3912-0.0_-1.0,
3912-0.0_-3.0,
3912-0.0_0.0,
3912-0.0_1.0,
3912-0.0_nan,
3942-0.0_-1.0,
3942-0.0_-3.0,
3942-0.0_0.0,
3942-0.0_1.0,
3942-0.0_nan,
4081-0.0_-1.0,
4081-0.0_1.0,
4081-0.0_2.0,
4081-0.0_3.0,
4081-0.0_4.0,
4081-0.0_nan,
4259-0.0_0.0,
4259-0.0_1.0,
4259-0.0_9.0,
4259-0.0_nan,
4268-0.0_-1.0,
4268-0.0_2.0,
4268-0.0_9.0,
4268-0.0_nan,
4270-0.0_10.0,
4270-0.0_100.0,
4270-0.0_20.0,
4270-0.0_40.0,
4270-0.0_70.0,
4270-0.0_nan,
4277-0.0_10.0,
4277-0.0_100.0,
4277-0.0_20.0,
4277-0.0_40.0,
4277-0.0_70.0,
4277-0.0_nan,
4281-0.0_2.0,
4281-0.0_3.0,
4281-0.0_9.0,
4281-0.0_nan,
4501-0.0_-1.0,
4501-0.0_-3.0,
4501-0.0_0.0,
4501-0.0_1.0,
4501-0.0_nan,
4537-0.0_-1.0,
4537-0.0_-3.0,
4537-0.0_1.0,
4537-0.0_2.0,
4537-0.0_3.0,
4537-0.0_4.0,
4537-0.0_5.0,
4537-0.0_6.0,
4537-0.0_7.0,
4537-0.0_nan,
4548-0.0_-1.0,
4548-0.0_-3.0,
4548-0.0_1.0,
4548-0.0_2.0,
4548-0.0_3.0,
4548-0.0_4.0,
4548-0.0_5.0,
4548-0.0_6.0,
4548-0.0_nan,
4559-0.0_-1.0,
4559-0.0_-3.0,
4559-0.0_1.0,
4559-0.0_2.0,
4559-0.0_3.0,
4559-0.0_4.0,
4559-0.0_5.0,
4559-0.0_6.0,
4559-0.0_nan,
4570-0.0_-1.0,
4570-0.0_-3.0,
4570-0.0_1.0,
4570-0.0_2.0,
4570-0.0_3.0,
4570-0.0_4.0,
4570-0.0_5.0,
4570-0.0_6.0,
4570-0.0_nan,
4581-0.0_-1.0,
4581-0.0_-3.0,
4581-0.0_1.0,
4581-0.0_2.0,
4581-0.0_3.0,
4581-0.0_4.0,
4581-0.0_5.0,
4581-0.0_6.0,
4581-0.0_nan,
4849-0.0_0.0,
4849-0.0_1.0,
4849-0.0_11.0,
4849-0.0_12.0,
4849-0.0_nan,
4957-0.0_-1.0,
4957-0.0_-3.0,
4957-0.0_1.0,
4957-0.0_2.0,
4957-0.0_3.0,
4957-0.0_4.0,
4957-0.0_5.0,
4957-0.0_nan,
4968-0.0_-1.0,
4968-0.0_-3.0,
4968-0.0_5.0,
4968-0.0_6.0,
4968-0.0_7.0,
4968-0.0_8.0,
4968-0.0_nan,
4979-0.0_-1.0,
4979-0.0_-3.0,
4979-0.0_1.0,
4979-0.0_2.0,
4979-0.0_3.0,
4979-0.0_4.0,
4979-0.0_5.0,
4979-0.0_nan,
4990-0.0_-1.0,
4990-0.0_-3.0,
4990-0.0_68.0,
4990-0.0_69.0,
4990-0.0_70.0,
4990-0.0_71.0,
4990-0.0_72.0,
4990-0.0_nan,
5001-0.0_-1.0,
5001-0.0_-3.0,
5001-0.0_1.0,
5001-0.0_2.0,
5001-0.0_3.0,
5001-0.0_4.0,
5001-0.0_5.0,
5001-0.0_nan,
5012-0.0_-1.0,
5012-0.0_-3.0,
5012-0.0_25.0,
5012-0.0_26.0,
5012-0.0_27.0,
5012-0.0_28.0,
5012-0.0_29.0,
5012-0.0_nan,
5090-0.0_2,
5090-0.0_2.0,
5090-0.0_C 1,
5090-0.0_C 3,
5090-0.0_CE7,
5090-0.0_CE9,
5090-0.0_Ce5,
5090-0.0_E6,
5090-0.0_E8,
5090-0.0_E9,
5090-0.0_L 0,
5090-0.0_L 2,
5090-0.0_e4,
5090-0.0_nan,
5091-0.0_2,
5091-0.0_2.0,
5091-0.0_C 1,
5091-0.0_C 3,
5091-0.0_CE7,
5091-0.0_CE9,
5091-0.0_Ce5,
5091-0.0_E6,
5091-0.0_E8,
5091-0.0_E9,
5091-0.0_L 0,
5091-0.0_Le4,
5091-0.0_e4,
5091-0.0_nan,
5138-0.0_E,
5138-0.0_e,
5138-0.0_nan,
5139-0.0_E,
5139-0.0_e,
5139-0.0_nan,
5140-0.0_E,
5140-0.0_e,
5140-0.0_nan,
5141-0.0_e,
5141-0.0_nan,
5142-0.0_e,
5142-0.0_nan,
5147-0.0_e,
5147-0.0_nan,
5148-0.0_e,
5148-0.0_nan,
5149-0.0_1.0,
5149-0.0_2.0,
5149-0.0_3.0,
5149-0.0_nan,
5152-0.0_1.0,
5152-0.0_2.0,
5152-0.0_3.0,
5152-0.0_nan,
5189-0.0_1.0,
5189-0.0_6.0,
5189-0.0_7.0,
5189-0.0_nan,
5212-0.0_0.0,
5212-0.0_1.0,
5212-0.0_nan,
5699-0.0_-1.0,
5699-0.0_-3.0,
5699-0.0_92.0,
5699-0.0_93.0,
5699-0.0_94.0,
5699-0.0_95.0,
5699-0.0_96.0,
5699-0.0_nan,
5779-0.0_-1.0,
5779-0.0_-3.0,
5779-0.0_1.0,
5779-0.0_2.0,
5779-0.0_3.0,
5779-0.0_4.0,
5779-0.0_5.0,
5779-0.0_nan,
5790-0.0_-1.0,
5790-0.0_-3.0,
5790-0.0_45.0,
5790-0.0_46.0,
5790-0.0_47.0,
5790-0.0_48.0,
5790-0.0_49.0,
5790-0.0_50.0,
5790-0.0_nan,
5959-0.0_-3.0,
5959-0.0_0.0,
5959-0.0_1.0,
5959-0.0_nan,
6017-0.0_0.0,
6017-0.0_1.0,
6017-0.0_2.0,
6017-0.0_nan,
6019-0.0_1.0,
6019-0.0_2.0,
6019-0.0_6.0,
6019-0.0_7.0,
6019-0.0_nan,
6020-0.0_1.0,
6020-0.0_31.0,
6020-0.0_32.0,
6020-0.0_33.0,
6020-0.0_34.0,
6020-0.0_nan,
6070-0.0_1.0,
6070-0.0_6.0,
6070-0.0_7.0,
6070-0.0_nan,
6072-0.0_1.0,
6072-0.0_6.0,
6072-0.0_7.0,
6072-0.0_nan,
6138-0.0_-3.0,
6138-0.0_-7.0,
6138-0.0_1.0,
6138-0.0_2.0,
6138-0.0_3.0,
6138-0.0_4.0,
6138-0.0_5.0,
6138-0.0_6.0,
6138-0.0_nan,
6139-0.0_-1.0,
6139-0.0_-3.0,
6139-0.0_-7.0,
6139-0.0_1.0,
6139-0.0_2.0,
6139-0.0_3.0,
6139-0.0_nan,
6140-0.0_-1.0,
6140-0.0_-3.0,
6140-0.0_-7.0,
6140-0.0_1.0,
6140-0.0_2.0,
6140-0.0_3.0,
6140-0.0_4.0,
6140-0.0_5.0,
6140-0.0_6.0,
6140-0.0_nan,
6141-0.0_-3.0,
6141-0.0_1.0,
6141-0.0_2.0,
6141-0.0_3.0,
6141-0.0_4.0,
6141-0.0_5.0,
6141-0.0_6.0,
6141-0.0_7.0,
6141-0.0_8.0,
6141-0.0_nan,
6142-0.0_-3.0,
6142-0.0_-7.0,
6142-0.0_1.0,
6142-0.0_2.0,
6142-0.0_3.0,
6142-0.0_4.0,
6142-0.0_5.0,
6142-0.0_6.0,
6142-0.0_7.0,
6142-0.0_nan,
6157-0.0_-1.0,
6157-0.0_-3.0,
6157-0.0_-7.0,
6157-0.0_1.0,
6157-0.0_2.0,
6157-0.0_3.0,
6157-0.0_4.0,
6157-0.0_nan,
6158-0.0_-1.0,
6158-0.0_-3.0,
6158-0.0_-7.0,
6158-0.0_1.0,
6158-0.0_2.0,
6158-0.0_3.0,
6158-0.0_4.0,
6158-0.0_nan,
6160-0.0_-3.0,
6160-0.0_-7.0,
6160-0.0_1.0,
6160-0.0_2.0,
6160-0.0_3.0,
6160-0.0_4.0,
6160-0.0_5.0,
6160-0.0_nan,
6162-0.0_-3.0,
6162-0.0_-7.0,
6162-0.0_1.0,
6162-0.0_2.0,
6162-0.0_3.0,
6162-0.0_4.0,
6162-0.0_nan,
10139-0.0_0.0,
10139-0.0_1.0,
10139-0.0_2.0,
10139-0.0_3.0,
10139-0.0_4.0,
10139-0.0_5.0,
10139-0.0_6.0,
10139-0.0_7.0,
10139-0.0_8.0,
10139-0.0_9.0,
10139-0.0_nan,
10140-0.0_0.0,
10140-0.0_1.0,
10140-0.0_2.0,
10140-0.0_3.0,
10140-0.0_4.0,
10140-0.0_5.0,
10140-0.0_6.0,
10140-0.0_7.0,
10140-0.0_8.0,
10140-0.0_9.0,
10140-0.0_nan,
10610-0.0_0.0,
10610-0.0_1.0,
10610-0.0_2.0,
10610-0.0_nan,
10711-0.0_0.0,
10711-0.0_9.0,
10711-0.0_nan,
10722-0.0_-3.0,
10722-0.0_-7.0,
10722-0.0_1.0,
10722-0.0_2.0,
10722-0.0_3.0,
10722-0.0_4.0,
10722-0.0_5.0,
10722-0.0_nan,
10740-0.0_-3.0,
10740-0.0_1.0,
10740-0.0_2.0,
10740-0.0_3.0,
10740-0.0_4.0,
10740-0.0_5.0,
10740-0.0_6.0,
10740-0.0_7.0,
10740-0.0_nan,
10749-0.0_-1.0,
10749-0.0_1.0,
10749-0.0_2.0,
10749-0.0_3.0,
10749-0.0_4.0,
10749-0.0_nan,
10767-0.0_1.0,
10767-0.0_2.0,
10767-0.0_3.0,
10767-0.0_4.0,
10767-0.0_5.0,
10767-0.0_6.0,
10767-0.0_nan,
10818-0.0_-1.0,
10818-0.0_-3.0,
10818-0.0_1.0,
10818-0.0_2.0,
10818-0.0_3.0,
10818-0.0_nan,
10827-0.0_-1.0,
10827-0.0_0.0,
10827-0.0_1.0,
10827-0.0_nan,
10860-0.0_-3.0,
10860-0.0_-7.0,
10860-0.0_1.0,
10860-0.0_2.0,
10860-0.0_3.0,
10860-0.0_nan,
10877-0.0_-1.0,
10877-0.0_-3.0,
10877-0.0_1.0,
10877-0.0_2.0,
10877-0.0_3.0,
10877-0.0_4.0,
10877-0.0_5.0,
10877-0.0_nan,
10912-0.0_1.0,
10912-0.0_2.0,
10912-0.0_3.0,
10912-0.0_4.0,
10912-0.0_nan,
10962-0.0_-1.0,
10962-0.0_-3.0,
10962-0.0_1.0,
10962-0.0_2.0,
10962-0.0_3.0,
10962-0.0_4.0,
10962-0.0_5.0,
10962-0.0_nan,
10971-0.0_-1.0,
10971-0.0_1.0,
10971-0.0_2.0,
10971-0.0_3.0,
10971-0.0_4.0,
10971-0.0_5.0,
10971-0.0_nan,
20018-0.0_0.0,
20018-0.0_1.0,
20018-0.0_2.0,
20018-0.0_nan,
20041-0.0_101.0,
20041-0.0_102.0,
20041-0.0_201.0,
20041-0.0_202.0,
20041-0.0_300.0,
20041-0.0_401.0,
20041-0.0_402.0,
20041-0.0_403.0,
20041-0.0_404.0,
20041-0.0_405.0,
20041-0.0_406.0,
20041-0.0_407.0,
20041-0.0_408.0,
20041-0.0_409.0,
20041-0.0_410.0,
20041-0.0_nan,
20042-0.0_101.0,
20042-0.0_102.0,
20042-0.0_103.0,
20042-0.0_104.0,
20042-0.0_201.0,
20042-0.0_202.0,
20042-0.0_300.0,
20042-0.0_407.0,
20042-0.0_411.0,
20042-0.0_412.0,
20042-0.0_413.0,
20042-0.0_414.0,
20042-0.0_501.0,
20042-0.0_502.0,
20042-0.0_503.0,
20042-0.0_504.0,
20042-0.0_505.0,
20042-0.0_506.0,
20042-0.0_507.0,
20042-0.0_508.0,
20042-0.0_509.0,
20042-0.0_nan,
20047-0.0_101.0,
20047-0.0_102.0,
20047-0.0_103.0,
20047-0.0_201.0,
20047-0.0_300.0,
20047-0.0_402.0,
20047-0.0_404.0,
20047-0.0_405.0,
20047-0.0_407.0,
20047-0.0_409.0,
20047-0.0_410.0,
20047-0.0_nan,
20048-0.0_101.0,
20048-0.0_102.0,
20048-0.0_103.0,
20048-0.0_201.0,
20048-0.0_202.0,
20048-0.0_300.0,
20048-0.0_402.0,
20048-0.0_404.0,
20048-0.0_405.0,
20048-0.0_407.0,
20048-0.0_409.0,
20048-0.0_410.0,
20048-0.0_421.0,
20048-0.0_nan,
20049-0.0_101.0,
20049-0.0_201.0,
20049-0.0_202.0,
20049-0.0_300.0,
20049-0.0_405.0,
20049-0.0_433.0,
20049-0.0_601.0,
20049-0.0_nan,
20050-0.0_101.0,
20050-0.0_102.0,
20050-0.0_201.0,
20050-0.0_405.0,
20050-0.0_407.0,
20050-0.0_433.0,
20050-0.0_434.0,
20050-0.0_506.0,
20050-0.0_601.0,
20050-0.0_nan,
20051-0.0_101.0,
20051-0.0_102.0,
20051-0.0_103.0,
20051-0.0_201.0,
20051-0.0_202.0,
20051-0.0_405.0,
20051-0.0_422.0,
20051-0.0_423.0,
20051-0.0_nan,
20052-0.0_101.0,
20052-0.0_102.0,
20052-0.0_105.0,
20052-0.0_201.0,
20052-0.0_202.0,
20052-0.0_300.0,
20052-0.0_405.0,
20052-0.0_424.0,
20052-0.0_425.0,
20052-0.0_nan,
20057-0.0_101.0,
20057-0.0_102.0,
20057-0.0_105.0,
20057-0.0_202.0,
20057-0.0_300.0,
20057-0.0_405.0,
20057-0.0_412.0,
20057-0.0_424.0,
20057-0.0_425.0,
20057-0.0_426.0,
20057-0.0_nan,
20058-0.0_101.0,
20058-0.0_102.0,
20058-0.0_201.0,
20058-0.0_300.0,
20058-0.0_404.0,
20058-0.0_405.0,
20058-0.0_406.0,
20058-0.0_nan,
20059-0.0_101.0,
20059-0.0_201.0,
20059-0.0_300.0,
20059-0.0_405.0,
20059-0.0_427.0,
20059-0.0_428.0,
20059-0.0_429.0,
20059-0.0_430.0,
20059-0.0_601.0,
20059-0.0_602.0,
20059-0.0_nan,
20060-0.0_101.0,
20060-0.0_102.0,
20060-0.0_201.0,
20060-0.0_300.0,
20060-0.0_405.0,
20060-0.0_430.0,
20060-0.0_431.0,
20060-0.0_nan,
20061-0.0_101.0,
20061-0.0_102.0,
20061-0.0_105.0,
20061-0.0_201.0,
20061-0.0_300.0,
20061-0.0_405.0,
20061-0.0_412.0,
20061-0.0_424.0,
20061-0.0_425.0,
20061-0.0_nan,
20062-0.0_101.0,
20062-0.0_102.0,
20062-0.0_105.0,
20062-0.0_201.0,
20062-0.0_202.0,
20062-0.0_300.0,
20062-0.0_405.0,
20062-0.0_412.0,
20062-0.0_424.0,
20062-0.0_425.0,
20062-0.0_nan,
20071-0.0_101.0,
20071-0.0_102.0,
20071-0.0_103.0,
20071-0.0_201.0,
20071-0.0_202.0,
20071-0.0_300.0,
20071-0.0_700.0,
20071-0.0_nan,
20072-0.0_101.0,
20072-0.0_102.0,
20072-0.0_103.0,
20072-0.0_201.0,
20072-0.0_202.0,
20072-0.0_300.0,
20072-0.0_405.0,
20072-0.0_700.0,
20072-0.0_nan,
20079-0.0_1.0,
20079-0.0_2.0,
20079-0.0_3.0,
20079-0.0_4.0,
20079-0.0_5.0,
20079-0.0_6.0,
20079-0.0_7.0,
20079-0.0_nan,
20080-0.0_1.0,
20080-0.0_2.0,
20080-0.0_3.0,
20080-0.0_4.0,
20080-0.0_5.0,
20080-0.0_6.0,
20080-0.0_7.0,
20080-0.0_nan,
20088-0.0_332.0,
20088-0.0_333.0,
20088-0.0_334.0,
20088-0.0_335.0,
20088-0.0_336.0,
20088-0.0_337.0,
20088-0.0_338.0,
20088-0.0_339.0,
20088-0.0_340.0,
20088-0.0_341.0,
20088-0.0_342.0,
20088-0.0_343.0,
20088-0.0_344.0,
20088-0.0_345.0,
20088-0.0_346.0,
20088-0.0_347.0,
20088-0.0_348.0,
20088-0.0_349.0,
20088-0.0_350.0,
20088-0.0_nan,
20089-0.0_461.0,
20089-0.0_462.0,
20089-0.0_463.0,
20089-0.0_464.0,
20089-0.0_465.0,
20089-0.0_nan,
20090-0.0_352.0,
20090-0.0_353.0,
20090-0.0_354.0,
20090-0.0_355.0,
20090-0.0_356.0,
20090-0.0_357.0,
20090-0.0_359.0,
20090-0.0_364.0,
20090-0.0_365.0,
20090-0.0_371.0,
20090-0.0_377.0,
20090-0.0_383.0,
20090-0.0_389.0,
20090-0.0_395.0,
20090-0.0_396.0,
20090-0.0_nan,
20091-0.0_1.0,
20091-0.0_2.0,
20091-0.0_3.0,
20091-0.0_4.0,
20091-0.0_5.0,
20091-0.0_nan,
20097-0.0_1.0,
20097-0.0_2.0,
20097-0.0_3.0,
20097-0.0_nan,
20098-0.0_1.0,
20098-0.0_2.0,
20098-0.0_3.0,
20098-0.0_nan,
20099-0.0_1.0,
20099-0.0_2.0,
20099-0.0_3.0,
20099-0.0_nan,
20100-0.0_1.0,
20100-0.0_2.0,
20100-0.0_3.0,
20100-0.0_nan,
20101-0.0_1.0,
20101-0.0_2.0,
20101-0.0_3.0,
20101-0.0_nan,
20102-0.0_1.0,
20102-0.0_2.0,
20102-0.0_3.0,
20102-0.0_nan,
20107-0.0_-11.0,
20107-0.0_-13.0,
20107-0.0_-17.0,
20107-0.0_1.0,
20107-0.0_10.0,
20107-0.0_11.0,
20107-0.0_12.0,
20107-0.0_13.0,
20107-0.0_2.0,
20107-0.0_3.0,
20107-0.0_4.0,
20107-0.0_6.0,
20107-0.0_8.0,
20107-0.0_9.0,
20107-0.0_nan,
20108-0.0_1.0,
20108-0.0_2.0,
20108-0.0_3.0,
20108-0.0_4.0,
20108-0.0_5.0,
20108-0.0_6.0,
20108-0.0_nan,
20109-0.0_1.0,
20109-0.0_2.0,
20109-0.0_3.0,
20109-0.0_4.0,
20109-0.0_5.0,
20109-0.0_6.0,
20109-0.0_nan,
20110-0.0_-11.0,
20110-0.0_-13.0,
20110-0.0_-17.0,
20110-0.0_1.0,
20110-0.0_10.0,
20110-0.0_11.0,
20110-0.0_12.0,
20110-0.0_2.0,
20110-0.0_3.0,
20110-0.0_4.0,
20110-0.0_5.0,
20110-0.0_6.0,
20110-0.0_8.0,
20110-0.0_9.0,
20110-0.0_nan,
20111-0.0_-11.0,
20111-0.0_-13.0,
20111-0.0_-17.0,
20111-0.0_1.0,
20111-0.0_10.0,
20111-0.0_11.0,
20111-0.0_12.0,
20111-0.0_13.0,
20111-0.0_2.0,
20111-0.0_3.0,
20111-0.0_4.0,
20111-0.0_5.0,
20111-0.0_6.0,
20111-0.0_8.0,
20111-0.0_9.0,
20111-0.0_nan,
20112-0.0_-11.0,
20112-0.0_-13.0,
20112-0.0_-17.0,
20112-0.0_1.0,
20112-0.0_10.0,
20112-0.0_11.0,
20112-0.0_12.0,
20112-0.0_13.0,
20112-0.0_2.0,
20112-0.0_3.0,
20112-0.0_4.0,
20112-0.0_6.0,
20112-0.0_8.0,
20112-0.0_9.0,
20112-0.0_nan,
20117-0.0_-3.0,
20117-0.0_0.0,
20117-0.0_1.0,
20117-0.0_2.0,
20117-0.0_nan,
20118-0.0_1.0,
20118-0.0_11.0,
20118-0.0_12.0,
20118-0.0_13.0,
20118-0.0_14.0,
20118-0.0_16.0,
20118-0.0_17.0,
20118-0.0_2.0,
20118-0.0_3.0,
20118-0.0_5.0,
20118-0.0_6.0,
20118-0.0_7.0,
20118-0.0_8.0,
20118-0.0_9.0,
20118-0.0_nan,
20119-0.0_-3.0,
20119-0.0_-7.0,
20119-0.0_2.0,
20119-0.0_3.0,
20119-0.0_4.0,
20119-0.0_5.0,
20119-0.0_6.0,
20119-0.0_7.0,
20119-0.0_nan,
20152-0.0_0.0,
20152-0.0_1.0,
20152-0.0_nan,
20160-0.0_0.0,
20160-0.0_1.0,
20160-0.0_nan,
20167-0.0_1.0,
20167-0.0_2.0,
20167-0.0_3.0,
20167-0.0_4.0,
20167-0.0_5.0,
20167-0.0_nan,
20169-0.0_1.0,
20169-0.0_2.0,
20169-0.0_3.0,
20169-0.0_4.0,
20169-0.0_5.0,
20169-0.0_nan,
20171-0.0_1.0,
20171-0.0_2.0,
20171-0.0_3.0,
20171-0.0_4.0,
20171-0.0_5.0,
20171-0.0_nan,
20177-0.0_1.0,
20177-0.0_2.0,
20177-0.0_3.0,
20177-0.0_4.0,
20177-0.0_5.0,
20177-0.0_nan,
20179-0.0_1.0,
20179-0.0_2.0,
20179-0.0_3.0,
20179-0.0_4.0,
20179-0.0_5.0,
20179-0.0_nan,
20181-0.0_1.0,
20181-0.0_2.0,
20181-0.0_3.0,
20181-0.0_4.0,
20181-0.0_5.0,
20181-0.0_nan,
20189-0.0_1.0,
20189-0.0_2.0,
20189-0.0_3.0,
20189-0.0_4.0,
20189-0.0_5.0,
20189-0.0_nan,
20198-0.0_-1.0,
20198-0.0_nan,
20242-0.0_0.0,
20242-0.0_1.0,
20242-0.0_2.0,
20242-0.0_nan,
20262-0.0_0.0,
20262-0.0_1.0,
20262-0.0_2.0,
20262-0.0_nan,
20462-0.0_-121.0,
20462-0.0_-818.0,
20462-0.0_0.0,
20462-0.0_1.0,
20462-0.0_2.0,
20462-0.0_3.0,
20462-0.0_4.0,
20462-0.0_nan,
21000-0.0_-1.0,
21000-0.0_-3.0,
21000-0.0_1.0,
21000-0.0_1001.0,
21000-0.0_1002.0,
21000-0.0_1003.0,
21000-0.0_2.0,
21000-0.0_2001.0,
21000-0.0_2002.0,
21000-0.0_2003.0,
21000-0.0_2004.0,
21000-0.0_3.0,
21000-0.0_3001.0,
21000-0.0_3002.0,
21000-0.0_3003.0,
21000-0.0_3004.0,
21000-0.0_4.0,
21000-0.0_4001.0,
21000-0.0_4002.0,
21000-0.0_4003.0,
21000-0.0_5.0,
21000-0.0_6.0,
21000-0.0_nan,
22001-0.0_0.0,
22001-0.0_1.0,
22001-0.0_nan,
22018-0.0_1.0,
22018-0.0_2.0,
22018-0.0_nan,
22019-0.0_1.0,
22019-0.0_nan,
22021-0.0_-1.0,
22021-0.0_0.0,
22021-0.0_1.0,
22021-0.0_10.0,
22021-0.0_nan,
22027-0.0_1.0,
22027-0.0_nan,
22028-0.0_0.0,
22028-0.0_1.0,
22028-0.0_nan,
22029-0.0_0.0,
22029-0.0_1.0,
22029-0.0_nan,
22032-0.0_0.0,
22032-0.0_1.0,
22032-0.0_2.0,
22032-0.0_nan,
22051-0.0_0.0,
22051-0.0_1.0,
22051-0.0_nan,
22052-0.0_-1.0,
22052-0.0_0.0,
22052-0.0_1.0,
22052-0.0_nan,
22499-0.0_-818.0,
22499-0.0_1.0,
22499-0.0_2.0,
22499-0.0_3.0,
22499-0.0_4.0,
22499-0.0_5.0,
22499-0.0_6.0,
22499-0.0_nan,
22601-0.0_11113200.0,
22601-0.0_11123211.0,
22601-0.0_11133201.0,
22601-0.0_11143212.0,
22601-0.0_11212692.0,
22601-0.0_11212693.0,
22601-0.0_11222591.0,
22601-0.0_11232861.0,
22601-0.0_11232862.0,
22601-0.0_11313221.0,
22601-0.0_11323222.0,
22601-0.0_11333223.0,
22601-0.0_11343163.0,
22601-0.0_11343224.0,
22601-0.0_11353225.0,
22601-0.0_11363057.0,
22601-0.0_11373019.0,
22601-0.0_11373228.0,
22601-0.0_11412694.0,
22601-0.0_11413229.0,
22601-0.0_11423230.0,
22601-0.0_11423324.0,
22601-0.0_11513250.0,
22601-0.0_11523251.0,
22601-0.0_11612669.0,
22601-0.0_11612671.0,
22601-0.0_11612673.0,
22601-0.0_11612675.0,
22601-0.0_11613348.0,
22601-0.0_11623349.0,
22601-0.0_11633322.0,
22601-0.0_11633326.0,
22601-0.0_11713433.0,
22601-0.0_11723441.0,
22601-0.0_11733439.0,
22601-0.0_11733447.0,
22601-0.0_11733451.0,
22601-0.0_11813097.0,
22601-0.0_11823098.0,
22601-0.0_11833099.0,
22601-0.0_11843115.0,
22601-0.0_11853100.0,
22601-0.0_11853101.0,
22601-0.0_12112477.0,
22601-0.0_12112485.0,
22601-0.0_12122493.0,
22601-0.0_12192492.0,
22601-0.0_12192498.0,
22601-0.0_12192510.0,
22601-0.0_12192515.0,
22601-0.0_12213392.0,
22601-0.0_12223174.0,
22601-0.0_12223226.0,
22601-0.0_12233383.0,
22601-0.0_12243178.0,
22601-0.0_12243390.0,
22601-0.0_12253140.0,
22601-0.0_12253173.0,
22601-0.0_12253177.0,
22601-0.0_12263368.0,
22601-0.0_12313231.0,
22601-0.0_12313323.0,
22601-0.0_12322659.0,
22601-0.0_12322938.0,
22601-0.0_12323327.0,
22601-0.0_12333358.0,
22601-0.0_12343321.0,
22601-0.0_12353009.0,
22601-0.0_12392993.0,
22601-0.0_12392994.0,
22601-0.0_12393117.0,
22601-0.0_21113020.0,
22601-0.0_21123021.0,
22601-0.0_21123022.0,
22601-0.0_21133023.0,
22601-0.0_21133024.0,
22601-0.0_21212592.0,
22601-0.0_21212864.0,
22601-0.0_21213038.0,
22601-0.0_21213039.0,
22601-0.0_21222679.0,
22601-0.0_21222865.0,
22601-0.0_21223040.0,
22601-0.0_21232680.0,
22601-0.0_21232866.0,
22601-0.0_21233041.0,
22601-0.0_21242681.0,
22601-0.0_21243042.0,
22601-0.0_21252682.0,
22601-0.0_21253043.0,
22601-0.0_21262683.0,
22601-0.0_21263044.0,
22601-0.0_21272684.0,
22601-0.0_21273045.0,
22601-0.0_21282685.0,
22601-0.0_21282870.0,
22601-0.0_21283046.0,
22601-0.0_21292686.0,
22601-0.0_21292871.0,
22601-0.0_21292897.0,
22601-0.0_21293047.0,
22601-0.0_21313058.0,
22601-0.0_21323059.0,
22601-0.0_22113066.0,
22601-0.0_22123067.0,
22601-0.0_22133068.0,
22601-0.0_22143069.0,
22601-0.0_22153070.0,
22601-0.0_22162482.0,
22601-0.0_22162508.0,
22601-0.0_22163124.0,
22601-0.0_23113030.0,
22601-0.0_23113399.0,
22601-0.0_23123400.0,
22601-0.0_23133420.0,
22601-0.0_23133421.0,
22601-0.0_23143401.0,
22601-0.0_23153402.0,
22601-0.0_23163403.0,
22601-0.0_23173422.0,
22601-0.0_23193404.0,
22601-0.0_23193405.0,
22601-0.0_23193429.0,
22601-0.0_23193430.0,
22601-0.0_23213026.0,
22601-0.0_23223027.0,
22601-0.0_23223028.0,
22601-0.0_23293029.0,
22601-0.0_23293031.0,
22601-0.0_23293164.0,
22601-0.0_24113277.0,
22601-0.0_24193278.0,
22601-0.0_24213281.0,
22601-0.0_24223282.0,
22601-0.0_24233025.0,
22601-0.0_24233283.0,
22601-0.0_24312597.0,
22601-0.0_24313288.0,
22601-0.0_24323289.0,
22601-0.0_24332598.0,
22601-0.0_24333290.0,
22601-0.0_24342599.0,
22601-0.0_24342600.0,
22601-0.0_24342863.0,
22601-0.0_24343291.0,
22601-0.0_24413202.0,
22601-0.0_24423108.0,
22601-0.0_24433109.0,
22601-0.0_24433449.0,
22601-0.0_24443114.0,
22601-0.0_24513035.0,
22601-0.0_24513314.0,
22601-0.0_24513418.0,
22601-0.0_24513424.0,
22601-0.0_24523036.0,
22601-0.0_24523188.0,
22601-0.0_24523315.0,
22601-0.0_24523426.0,
22601-0.0_31113033.0,
22601-0.0_31113086.0,
22601-0.0_31122687.0,
22601-0.0_31122867.0,
22601-0.0_31122951.0,
22601-0.0_31123049.0,
22601-0.0_31132688.0,
22601-0.0_31132868.0,
22601-0.0_31133050.0,
22601-0.0_31143051.0,
22601-0.0_31152695.0,
22601-0.0_31153052.0,
22601-0.0_31193034.0,
22601-0.0_31193055.0,
22601-0.0_31213292.0,
22601-0.0_31223293.0,
22601-0.0_31313060.0,
22601-0.0_31323061.0,
22601-0.0_32113072.0,
22601-0.0_32113077.0,
22601-0.0_32113106.0,
22601-0.0_32123074.0,
22601-0.0_32133075.0,
22601-0.0_32133436.0,
22601-0.0_32143084.0,
22601-0.0_32153081.0,
22601-0.0_32163087.0,
22601-0.0_32173088.0,
22601-0.0_32183085.0,
22601-0.0_32183089.0,
22601-0.0_32213078.0,
22601-0.0_32223079.0,
22601-0.0_32233080.0,
22601-0.0_32293082.0,
22601-0.0_32293361.0,
22601-0.0_32313110.0,
22601-0.0_32323111.0,
22601-0.0_32323112.0,
22601-0.0_32323113.0,
22601-0.0_32323410.0,
22601-0.0_33113434.0,
22601-0.0_33123442.0,
22601-0.0_33133440.0,
22601-0.0_33192645.0,
22601-0.0_33192657.0,
22601-0.0_33193444.0,
22601-0.0_33193452.0,
22601-0.0_34113147.0,
22601-0.0_34113148.0,
22601-0.0_34113149.0,
22601-0.0_34123157.0,
22601-0.0_34123158.0,
22601-0.0_34133166.0,
22601-0.0_34133167.0,
22601-0.0_34143169.0,
22601-0.0_34153170.0,
22601-0.0_34163176.0,
22601-0.0_34213150.0,
22601-0.0_34223151.0,
22601-0.0_34223152.0,
22601-0.0_34223153.0,
22601-0.0_34223154.0,
22601-0.0_34223155.0,
22601-0.0_34313159.0,
22601-0.0_34323160.0,
22601-0.0_34333162.0,
22601-0.0_34333239.0,
22601-0.0_34343161.0,
22601-0.0_34343186.0,
22601-0.0_34413137.0,
22601-0.0_34423138.0,
22601-0.0_34433141.0,
22601-0.0_34493143.0,
22601-0.0_35112639.0,
22601-0.0_35122636.0,
22601-0.0_35132647.0,
22601-0.0_35132648.0,
22601-0.0_35132649.0,
22601-0.0_35142624.0,
22601-0.0_35203279.0,
22601-0.0_35313257.0,
22601-0.0_35313264.0,
22601-0.0_35323258.0,
22601-0.0_35323265.0,
22601-0.0_35333259.0,
22601-0.0_35333266.0,
22601-0.0_35343267.0,
22601-0.0_35353268.0,
22601-0.0_35363269.0,
22601-0.0_35373270.0,
22601-0.0_35393175.0,
22601-0.0_35393271.0,
22601-0.0_35413236.0,
22601-0.0_35423237.0,
22601-0.0_35433238.0,
22601-0.0_35443245.0,
22601-0.0_35512494.0,
22601-0.0_35522495.0,
22601-0.0_35613203.0,
22601-0.0_35623207.0,
22601-0.0_35623213.0,
22601-0.0_35623217.0,
22601-0.0_35623232.0,
22601-0.0_35623246.0,
22601-0.0_35623260.0,
22601-0.0_35623273.0,
22601-0.0_35623284.0,
22601-0.0_35623294.0,
22601-0.0_35632596.0,
22601-0.0_35632698.0,
22601-0.0_35633208.0,
22601-0.0_35633214.0,
22601-0.0_35633218.0,
22601-0.0_35633233.0,
22601-0.0_35633247.0,
22601-0.0_35633261.0,
22601-0.0_35633274.0,
22601-0.0_35633285.0,
22601-0.0_35643209.0,
22601-0.0_35643215.0,
22601-0.0_35643219.0,
22601-0.0_35643248.0,
22601-0.0_35643275.0,
22601-0.0_35643286.0,
22601-0.0_35653462.0,
22601-0.0_35653463.0,
22601-0.0_35663193.0,
22601-0.0_35672595.0,
22601-0.0_35672697.0,
22601-0.0_35672874.0,
22601-0.0_35673467.0,
22601-0.0_35683468.0,
22601-0.0_41113204.0,
22601-0.0_41123205.0,
22601-0.0_41133206.0,
22601-0.0_41143216.0,
22601-0.0_41213240.0,
22601-0.0_41213252.0,
22601-0.0_41223241.0,
22601-0.0_41223253.0,
22601-0.0_41233184.0,
22601-0.0_41233254.0,
22601-0.0_41233345.0,
22601-0.0_41313093.0,
22601-0.0_41313256.0,
22601-0.0_41313272.0,
22601-0.0_41313317.0,
22601-0.0_41313427.0,
22601-0.0_41313443.0,
22601-0.0_41323255.0,
22601-0.0_41333350.0,
22601-0.0_41342670.0,
22601-0.0_41342672.0,
22601-0.0_41342674.0,
22601-0.0_41342676.0,
22601-0.0_41343351.0,
22601-0.0_41353316.0,
22601-0.0_41353425.0,
22601-0.0_41363318.0,
22601-0.0_41363428.0,
22601-0.0_41373244.0,
22601-0.0_41413308.0,
22601-0.0_41423309.0,
22601-0.0_41423310.0,
22601-0.0_41423445.0,
22601-0.0_41503307.0,
22601-0.0_42113094.0,
22601-0.0_42113298.0,
22601-0.0_42123280.0,
22601-0.0_42123299.0,
22601-0.0_42133300.0,
22601-0.0_42133423.0,
22601-0.0_42143301.0,
22601-0.0_42153302.0,
22601-0.0_42163095.0,
22601-0.0_42163303.0,
22601-0.0_42173304.0,
22601-0.0_51112476.0,
22601-0.0_51122486.0,
22601-0.0_51132488.0,
22601-0.0_51192490.0,
22601-0.0_51192511.0,
22601-0.0_51192514.0,
22601-0.0_51192519.0,
22601-0.0_52112921.0,
22601-0.0_52122922.0,
22601-0.0_52132923.0,
22601-0.0_52142581.0,
22601-0.0_52142667.0,
22601-0.0_52142924.0,
22601-0.0_52142940.0,
22601-0.0_52152527.0,
22601-0.0_52152541.0,
22601-0.0_52152568.0,
22601-0.0_52152580.0,
22601-0.0_52152689.0,
22601-0.0_52152925.0,
22601-0.0_52162530.0,
22601-0.0_52162542.0,
22601-0.0_52162690.0,
22601-0.0_52162857.0,
22601-0.0_52162926.0,
22601-0.0_52212927.0,
22601-0.0_52222928.0,
22601-0.0_52232634.0,
22601-0.0_52232640.0,
22601-0.0_52232641.0,
22601-0.0_52232663.0,
22601-0.0_52232856.0,
22601-0.0_52232929.0,
22601-0.0_52232930.0,
22601-0.0_52232931.0,
22601-0.0_52232932.0,
22601-0.0_52232941.0,
22601-0.0_52232942.0,
22601-0.0_52242953.0,
22601-0.0_52242954.0,
22601-0.0_52242955.0,
22601-0.0_52312660.0,
22601-0.0_52312934.0,
22601-0.0_52322661.0,
22601-0.0_52322935.0,
22601-0.0_52332662.0,
22601-0.0_52332936.0,
22601-0.0_52342805.0,
22601-0.0_52342937.0,
22601-0.0_52412528.0,
22601-0.0_52412543.0,
22601-0.0_52412944.0,
22601-0.0_52422945.0,
22601-0.0_52432946.0,
22601-0.0_52442947.0,
22601-0.0_52443062.0,
22601-0.0_52452948.0,
22601-0.0_52453063.0,
22601-0.0_52492632.0,
22601-0.0_52492665.0,
22601-0.0_52492949.0,
22601-0.0_52492950.0,
22601-0.0_52493053.0,
22601-0.0_52493054.0,
22601-0.0_53112564.0,
22601-0.0_53122524.0,
22601-0.0_53122525.0,
22601-0.0_53122901.0,
22601-0.0_53132526.0,
22601-0.0_53142539.0,
22601-0.0_53142540.0,
22601-0.0_53152529.0,
22601-0.0_53152546.0,
22601-0.0_53152557.0,
22601-0.0_53152582.0,
22601-0.0_53152939.0,
22601-0.0_53162547.0,
22601-0.0_53192534.0,
22601-0.0_53192549.0,
22601-0.0_53192561.0,
22601-0.0_53212552.0,
22601-0.0_53222553.0,
22601-0.0_53232556.0,
22601-0.0_53232559.0,
22601-0.0_53232905.0,
22601-0.0_54112877.0,
22601-0.0_54122878.0,
22601-0.0_54132879.0,
22601-0.0_54142880.0,
22601-0.0_54212886.0,
22601-0.0_54222887.0,
22601-0.0_54232888.0,
22601-0.0_54242889.0,
22601-0.0_54312892.0,
22601-0.0_54322893.0,
22601-0.0_54323386.0,
22601-0.0_54332894.0,
22601-0.0_54342896.0,
22601-0.0_54343385.0,
22601-0.0_54912899.0,
22601-0.0_54912900.0,
22601-0.0_54912902.0,
22601-0.0_54922904.0,
22601-0.0_54922907.0,
22601-0.0_54922908.0,
22601-0.0_54932911.0,
22601-0.0_54932912.0,
22601-0.0_54932918.0,
22601-0.0_54932919.0,
22601-0.0_54942909.0,
22601-0.0_54942910.0,
22601-0.0_54952914.0,
22601-0.0_54952915.0,
22601-0.0_54952916.0,
22601-0.0_54952917.0,
22601-0.0_54962957.0,
22601-0.0_54992958.0,
22601-0.0_54992959.0,
22601-0.0_54992960.0,
22601-0.0_54992961.0,
22601-0.0_54992962.0,
22601-0.0_54992965.0,
22601-0.0_61113073.0,
22601-0.0_61123437.0,
22601-0.0_61133076.0,
22601-0.0_61143103.0,
22601-0.0_61153104.0,
22601-0.0_61213416.0,
22601-0.0_61223105.0,
22601-0.0_61223417.0,
22601-0.0_61233408.0,
22601-0.0_61243409.0,
22601-0.0_61312483.0,
22601-0.0_61312509.0,
22601-0.0_61313125.0,
22601-0.0_61392517.0,
22601-0.0_61393126.0,
22601-0.0_62113142.0,
22601-0.0_62113181.0,
22601-0.0_62113189.0,
22601-0.0_62113194.0,
22601-0.0_62113195.0,
22601-0.0_62113384.0,
22601-0.0_62123369.0,
22601-0.0_62132609.0,
22601-0.0_62133370.0,
22601-0.0_62133381.0,
22601-0.0_62142638.0,
22601-0.0_62143372.0,
22601-0.0_62152628.0,
22601-0.0_62152629.0,
22601-0.0_62153376.0,
22601-0.0_62192607.0,
22601-0.0_62192650.0,
22601-0.0_62193378.0,
22601-0.0_62193379.0,
22601-0.0_62213359.0,
22601-0.0_62223182.0,
22601-0.0_62223360.0,
22601-0.0_62223362.0,
22601-0.0_62312996.0,
22601-0.0_62322997.0,
22601-0.0_62322998.0,
22601-0.0_62323000.0,
22601-0.0_62323413.0,
22601-0.0_62913118.0,
22601-0.0_62923015.0,
22601-0.0_71113328.0,
22601-0.0_71123329.0,
22601-0.0_71123388.0,
22601-0.0_71133342.0,
22601-0.0_71213337.0,
22601-0.0_71223338.0,
22601-0.0_71233339.0,
22601-0.0_71243340.0,
22601-0.0_71253330.0,
22601-0.0_71293332.0,
22601-0.0_71293335.0,
22601-0.0_71293343.0,
22601-0.0_72113242.0,
22601-0.0_72123243.0,
22601-0.0_72123325.0,
22601-0.0_81112700.0,
22601-0.0_81122733.0,
22601-0.0_81132710.0,
22601-0.0_81142711.0,
22601-0.0_81142723.0,
22601-0.0_81142763.0,
22601-0.0_81152753.0,
22601-0.0_81162743.0,
22601-0.0_81172834.0,
22601-0.0_81182836.0,
22601-0.0_81192784.0,
22601-0.0_81212774.0,
22601-0.0_81222848.0,
22601-0.0_81232851.0,
22601-0.0_81242853.0,
22601-0.0_81252835.0,
22601-0.0_81262854.0,
22601-0.0_81292837.0,
22601-0.0_81292858.0,
22601-0.0_81312794.0,
22601-0.0_81312795.0,
22601-0.0_81322804.0,
22601-0.0_81322815.0,
22601-0.0_81332702.0,
22601-0.0_81332715.0,
22601-0.0_81332725.0,
22601-0.0_81332735.0,
22601-0.0_81332745.0,
22601-0.0_81332766.0,
22601-0.0_81332776.0,
22601-0.0_81332797.0,
22601-0.0_81332807.0,
22601-0.0_81332817.0,
22601-0.0_81332826.0,
22601-0.0_81332873.0,
22601-0.0_81342615.0,
22601-0.0_81342704.0,
22601-0.0_81342717.0,
22601-0.0_81342737.0,
22601-0.0_81342747.0,
22601-0.0_81342798.0,
22601-0.0_81342809.0,
22601-0.0_81342828.0,
22601-0.0_81342840.0,
22601-0.0_81362712.0,
22601-0.0_81372713.0,
22601-0.0_81382703.0,
22601-0.0_81382716.0,
22601-0.0_81382736.0,
22601-0.0_81382746.0,
22601-0.0_81382756.0,
22601-0.0_81382767.0,
22601-0.0_81382777.0,
22601-0.0_81382827.0,
22601-0.0_81382839.0,
22601-0.0_81392707.0,
22601-0.0_81392720.0,
22601-0.0_81392730.0,
22601-0.0_81392740.0,
22601-0.0_81392750.0,
22601-0.0_81392760.0,
22601-0.0_81392771.0,
22601-0.0_81392781.0,
22601-0.0_81392791.0,
22601-0.0_81392801.0,
22601-0.0_81392812.0,
22601-0.0_81392821.0,
22601-0.0_81392824.0,
22601-0.0_81392831.0,
22601-0.0_81412565.0,
22601-0.0_81412577.0,
22601-0.0_81422572.0,
22601-0.0_81422573.0,
22601-0.0_81422589.0,
22601-0.0_81422593.0,
22601-0.0_81432576.0,
22601-0.0_81492531.0,
22601-0.0_81492535.0,
22601-0.0_81492537.0,
22601-0.0_81492544.0,
22601-0.0_81492545.0,
22601-0.0_81492548.0,
22601-0.0_81492555.0,
22601-0.0_81492560.0,
22601-0.0_82112603.0,
22601-0.0_82112604.0,
22601-0.0_82113012.0,
22601-0.0_82122605.0,
22601-0.0_82132606.0,
22601-0.0_82133380.0,
22601-0.0_82142611.0,
22601-0.0_82152612.0,
22601-0.0_82162625.0,
22601-0.0_82162626.0,
22601-0.0_82162627.0,
22601-0.0_82162633.0,
22601-0.0_82172651.0,
22601-0.0_82182642.0,
22601-0.0_82192608.0,
22601-0.0_82212533.0,
22601-0.0_82212617.0,
22601-0.0_82222618.0,
22601-0.0_82232479.0,
22601-0.0_82232489.0,
22601-0.0_82232622.0,
22601-0.0_82292532.0,
22601-0.0_82292619.0,
22601-0.0_82292620.0,
22601-0.0_82292852.0,
22601-0.0_91112478.0,
22601-0.0_91122491.0,
22601-0.0_91192481.0,
22601-0.0_91192487.0,
22601-0.0_91192500.0,
22601-0.0_91192502.0,
22601-0.0_91192513.0,
22601-0.0_91212536.0,
22601-0.0_91212550.0,
22601-0.0_91212562.0,
22601-0.0_91212570.0,
22601-0.0_91292584.0,
22601-0.0_91292585.0,
22601-0.0_91312844.0,
22601-0.0_91322706.0,
22601-0.0_91322719.0,
22601-0.0_91322830.0,
22601-0.0_91322842.0,
22601-0.0_91322968.0,
22601-0.0_91322978.0,
22601-0.0_91322983.0,
22601-0.0_91332890.0,
22601-0.0_91342701.0,
22601-0.0_91342714.0,
22601-0.0_91342734.0,
22601-0.0_91342744.0,
22601-0.0_91342765.0,
22601-0.0_91342775.0,
22601-0.0_91342806.0,
22601-0.0_91342825.0,
22601-0.0_91392708.0,
22601-0.0_91392721.0,
22601-0.0_91392731.0,
22601-0.0_91392741.0,
22601-0.0_91392751.0,
22601-0.0_91392772.0,
22601-0.0_91392782.0,
22601-0.0_91392792.0,
22601-0.0_91392802.0,
22601-0.0_91392813.0,
22601-0.0_91392822.0,
22601-0.0_91392832.0,
22601-0.0_91392845.0,
22601-0.0_91392859.0,
22601-0.0_91412654.0,
22601-0.0_91492705.0,
22601-0.0_91492718.0,
22601-0.0_91492738.0,
22601-0.0_91492748.0,
22601-0.0_91492769.0,
22601-0.0_91492799.0,
22601-0.0_91492810.0,
22601-0.0_91492819.0,
22601-0.0_91492829.0,
22601-0.0_91492841.0,
22601-0.0_91493353.0,
22601-0.0_91493354.0,
22601-0.0_91493355.0,
22601-0.0_92113311.0,
22601-0.0_92113352.0,
22601-0.0_92193312.0,
22601-0.0_92213002.0,
22601-0.0_92213091.0,
22601-0.0_92222999.0,
22601-0.0_92223001.0,
22601-0.0_92223394.0,
22601-0.0_92233387.0,
22601-0.0_92233412.0,
22601-0.0_92243389.0,
22601-0.0_92253391.0,
22601-0.0_92263187.0,
22601-0.0_92263197.0,
22601-0.0_92263393.0,
22601-0.0_92293183.0,
22601-0.0_92293185.0,
22601-0.0_92293192.0,
22601-0.0_92312988.0,
22601-0.0_92332630.0,
22601-0.0_92332985.0,
22601-0.0_92332986.0,
22601-0.0_92332991.0,
22601-0.0_92333396.0,
22601-0.0_92342992.0,
22601-0.0_92353008.0,
22601-0.0_92392987.0,
22601-0.0_92413333.0,
22601-0.0_92413455.0,
22601-0.0_92443411.0,
22601-0.0_92493006.0,
22601-0.0_92493190.0,
22601-0.0_92493196.0,
22601-0.0_92493459.0,
22601-0.0_92513331.0,
22601-0.0_92593334.0,
22601-0.0_92593346.0,
22601-0.0_nan,
22607-0.0_-121.0,
22607-0.0_-131.0,
22607-0.0_-141.0,
22607-0.0_0.0,
22607-0.0_nan,
22608-0.0_-121.0,
22608-0.0_-131.0,
22608-0.0_-141.0,
22608-0.0_0.0,
22608-0.0_nan,
22609-0.0_-121.0,
22609-0.0_-131.0,
22609-0.0_-141.0,
22609-0.0_0.0,
22609-0.0_nan,
22610-0.0_-121.0,
22610-0.0_-131.0,
22610-0.0_-141.0,
22610-0.0_0.0,
22610-0.0_nan,
22611-0.0_-121.0,
22611-0.0_-131.0,
22611-0.0_-141.0,
22611-0.0_0.0,
22611-0.0_nan,
22612-0.0_-121.0,
22612-0.0_-131.0,
22612-0.0_-141.0,
22612-0.0_0.0,
22612-0.0_nan,
22617-0.0_1111.0,
22617-0.0_1112.0,
22617-0.0_1113.0,
22617-0.0_1114.0,
22617-0.0_1121.0,
22617-0.0_1122.0,
22617-0.0_1123.0,
22617-0.0_1131.0,
22617-0.0_1132.0,
22617-0.0_1133.0,
22617-0.0_1134.0,
22617-0.0_1135.0,
22617-0.0_1136.0,
22617-0.0_1137.0,
22617-0.0_1141.0,
22617-0.0_1142.0,
22617-0.0_1151.0,
22617-0.0_1152.0,
22617-0.0_1161.0,
22617-0.0_1162.0,
22617-0.0_1163.0,
22617-0.0_1171.0,
22617-0.0_1172.0,
22617-0.0_1173.0,
22617-0.0_1181.0,
22617-0.0_1182.0,
22617-0.0_1183.0,
22617-0.0_1184.0,
22617-0.0_1185.0,
22617-0.0_1211.0,
22617-0.0_1212.0,
22617-0.0_1219.0,
22617-0.0_1221.0,
22617-0.0_1222.0,
22617-0.0_1223.0,
22617-0.0_1224.0,
22617-0.0_1225.0,
22617-0.0_1226.0,
22617-0.0_1231.0,
22617-0.0_1232.0,
22617-0.0_1233.0,
22617-0.0_1234.0,
22617-0.0_1235.0,
22617-0.0_1239.0,
22617-0.0_2111.0,
22617-0.0_2112.0,
22617-0.0_2113.0,
22617-0.0_2121.0,
22617-0.0_2122.0,
22617-0.0_2123.0,
22617-0.0_2124.0,
22617-0.0_2125.0,
22617-0.0_2126.0,
22617-0.0_2127.0,
22617-0.0_2128.0,
22617-0.0_2129.0,
22617-0.0_2131.0,
22617-0.0_2132.0,
22617-0.0_2211.0,
22617-0.0_2212.0,
22617-0.0_2213.0,
22617-0.0_2214.0,
22617-0.0_2215.0,
22617-0.0_2216.0,
22617-0.0_2311.0,
22617-0.0_2312.0,
22617-0.0_2313.0,
22617-0.0_2314.0,
22617-0.0_2315.0,
22617-0.0_2316.0,
22617-0.0_2317.0,
22617-0.0_2319.0,
22617-0.0_2321.0,
22617-0.0_2322.0,
22617-0.0_2329.0,
22617-0.0_2411.0,
22617-0.0_2419.0,
22617-0.0_2421.0,
22617-0.0_2422.0,
22617-0.0_2423.0,
22617-0.0_2431.0,
22617-0.0_2432.0,
22617-0.0_2433.0,
22617-0.0_2434.0,
22617-0.0_2441.0,
22617-0.0_2442.0,
22617-0.0_2443.0,
22617-0.0_2444.0,
22617-0.0_2451.0,
22617-0.0_2452.0,
22617-0.0_3111.0,
22617-0.0_3112.0,
22617-0.0_3113.0,
22617-0.0_3114.0,
22617-0.0_3115.0,
22617-0.0_3119.0,
22617-0.0_3121.0,
22617-0.0_3122.0,
22617-0.0_3131.0,
22617-0.0_3132.0,
22617-0.0_3211.0,
22617-0.0_3212.0,
22617-0.0_3213.0,
22617-0.0_3214.0,
22617-0.0_3215.0,
22617-0.0_3216.0,
22617-0.0_3217.0,
22617-0.0_3218.0,
22617-0.0_3221.0,
22617-0.0_3222.0,
22617-0.0_3223.0,
22617-0.0_3229.0,
22617-0.0_3231.0,
22617-0.0_3232.0,
22617-0.0_3311.0,
22617-0.0_3312.0,
22617-0.0_3313.0,
22617-0.0_3319.0,
22617-0.0_3411.0,
22617-0.0_3412.0,
22617-0.0_3413.0,
22617-0.0_3414.0,
22617-0.0_3415.0,
22617-0.0_3416.0,
22617-0.0_3421.0,
22617-0.0_3422.0,
22617-0.0_3431.0,
22617-0.0_3432.0,
22617-0.0_3433.0,
22617-0.0_3434.0,
22617-0.0_3441.0,
22617-0.0_3442.0,
22617-0.0_3443.0,
22617-0.0_3449.0,
22617-0.0_3511.0,
22617-0.0_3512.0,
22617-0.0_3513.0,
22617-0.0_3514.0,
22617-0.0_3520.0,
22617-0.0_3531.0,
22617-0.0_3532.0,
22617-0.0_3533.0,
22617-0.0_3534.0,
22617-0.0_3535.0,
22617-0.0_3536.0,
22617-0.0_3537.0,
22617-0.0_3539.0,
22617-0.0_3541.0,
22617-0.0_3542.0,
22617-0.0_3543.0,
22617-0.0_3544.0,
22617-0.0_3551.0,
22617-0.0_3552.0,
22617-0.0_3561.0,
22617-0.0_3562.0,
22617-0.0_3563.0,
22617-0.0_3564.0,
22617-0.0_3565.0,
22617-0.0_3566.0,
22617-0.0_3567.0,
22617-0.0_3568.0,
22617-0.0_4111.0,
22617-0.0_4112.0,
22617-0.0_4113.0,
22617-0.0_4114.0,
22617-0.0_4121.0,
22617-0.0_4122.0,
22617-0.0_4123.0,
22617-0.0_4131.0,
22617-0.0_4132.0,
22617-0.0_4133.0,
22617-0.0_4134.0,
22617-0.0_4135.0,
22617-0.0_4136.0,
22617-0.0_4137.0,
22617-0.0_4141.0,
22617-0.0_4142.0,
22617-0.0_4150.0,
22617-0.0_4211.0,
22617-0.0_4212.0,
22617-0.0_4213.0,
22617-0.0_4214.0,
22617-0.0_4215.0,
22617-0.0_4216.0,
22617-0.0_4217.0,
22617-0.0_5111.0,
22617-0.0_5112.0,
22617-0.0_5113.0,
22617-0.0_5119.0,
22617-0.0_5211.0,
22617-0.0_5212.0,
22617-0.0_5213.0,
22617-0.0_5214.0,
22617-0.0_5215.0,
22617-0.0_5216.0,
22617-0.0_5221.0,
22617-0.0_5222.0,
22617-0.0_5223.0,
22617-0.0_5224.0,
22617-0.0_5231.0,
22617-0.0_5232.0,
22617-0.0_5233.0,
22617-0.0_5234.0,
22617-0.0_5241.0,
22617-0.0_5242.0,
22617-0.0_5243.0,
22617-0.0_5244.0,
22617-0.0_5245.0,
22617-0.0_5249.0,
22617-0.0_5311.0,
22617-0.0_5312.0,
22617-0.0_5313.0,
22617-0.0_5314.0,
22617-0.0_5315.0,
22617-0.0_5316.0,
22617-0.0_5319.0,
22617-0.0_5321.0,
22617-0.0_5322.0,
22617-0.0_5323.0,
22617-0.0_5411.0,
22617-0.0_5412.0,
22617-0.0_5413.0,
22617-0.0_5414.0,
22617-0.0_5421.0,
22617-0.0_5422.0,
22617-0.0_5423.0,
22617-0.0_5424.0,
22617-0.0_5431.0,
22617-0.0_5432.0,
22617-0.0_5433.0,
22617-0.0_5434.0,
22617-0.0_5491.0,
22617-0.0_5492.0,
22617-0.0_5493.0,
22617-0.0_5494.0,
22617-0.0_5495.0,
22617-0.0_5496.0,
22617-0.0_5499.0,
22617-0.0_6111.0,
22617-0.0_6112.0,
22617-0.0_6113.0,
22617-0.0_6114.0,
22617-0.0_6115.0,
22617-0.0_6121.0,
22617-0.0_6122.0,
22617-0.0_6123.0,
22617-0.0_6124.0,
22617-0.0_6131.0,
22617-0.0_6139.0,
22617-0.0_6211.0,
22617-0.0_6212.0,
22617-0.0_6213.0,
22617-0.0_6214.0,
22617-0.0_6215.0,
22617-0.0_6219.0,
22617-0.0_6221.0,
22617-0.0_6222.0,
22617-0.0_6231.0,
22617-0.0_6232.0,
22617-0.0_6291.0,
22617-0.0_6292.0,
22617-0.0_7111.0,
22617-0.0_7112.0,
22617-0.0_7113.0,
22617-0.0_7121.0,
22617-0.0_7122.0,
22617-0.0_7123.0,
22617-0.0_7124.0,
22617-0.0_7125.0,
22617-0.0_7129.0,
22617-0.0_7211.0,
22617-0.0_7212.0,
22617-0.0_8111.0,
22617-0.0_8112.0,
22617-0.0_8113.0,
22617-0.0_8114.0,
22617-0.0_8115.0,
22617-0.0_8116.0,
22617-0.0_8117.0,
22617-0.0_8118.0,
22617-0.0_8119.0,
22617-0.0_8121.0,
22617-0.0_8122.0,
22617-0.0_8123.0,
22617-0.0_8124.0,
22617-0.0_8125.0,
22617-0.0_8126.0,
22617-0.0_8129.0,
22617-0.0_8131.0,
22617-0.0_8132.0,
22617-0.0_8133.0,
22617-0.0_8134.0,
22617-0.0_8136.0,
22617-0.0_8137.0,
22617-0.0_8138.0,
22617-0.0_8139.0,
22617-0.0_8141.0,
22617-0.0_8142.0,
22617-0.0_8143.0,
22617-0.0_8149.0,
22617-0.0_8211.0,
22617-0.0_8212.0,
22617-0.0_8213.0,
22617-0.0_8214.0,
22617-0.0_8215.0,
22617-0.0_8216.0,
22617-0.0_8217.0,
22617-0.0_8218.0,
22617-0.0_8219.0,
22617-0.0_8221.0,
22617-0.0_8222.0,
22617-0.0_8223.0,
22617-0.0_8229.0,
22617-0.0_9111.0,
22617-0.0_9112.0,
22617-0.0_9119.0,
22617-0.0_9121.0,
22617-0.0_9129.0,
22617-0.0_9131.0,
22617-0.0_9132.0,
22617-0.0_9133.0,
22617-0.0_9134.0,
22617-0.0_9139.0,
22617-0.0_9141.0,
22617-0.0_9149.0,
22617-0.0_9211.0,
22617-0.0_9219.0,
22617-0.0_9221.0,
22617-0.0_9222.0,
22617-0.0_9223.0,
22617-0.0_9224.0,
22617-0.0_9225.0,
22617-0.0_9226.0,
22617-0.0_9229.0,
22617-0.0_9231.0,
22617-0.0_9233.0,
22617-0.0_9234.0,
22617-0.0_9235.0,
22617-0.0_9239.0,
22617-0.0_9241.0,
22617-0.0_9244.0,
22617-0.0_9249.0,
22617-0.0_9251.0,
22617-0.0_9259.0,
22617-0.0_nan,
22618-0.0_0.0,
22618-0.0_1.0,
22618-0.0_nan,
22619-0.0_0.0,
22619-0.0_1.0,
22619-0.0_nan,
22620-0.0_0.0,
22620-0.0_1.0,
22620-0.0_nan,
22640-0.0_0.0,
22640-0.0_1.0,
22640-0.0_9.0,
22640-0.0_nan,
22650-0.0_0.0,
22650-0.0_1.0,
22650-0.0_9.0,
22650-0.0_nan,
22660-0.0_-121.0,
22660-0.0_-717.0,
22660-0.0_-818.0,
22660-0.0_101.0,
22660-0.0_102.0,
22660-0.0_103.0,
22660-0.0_105.0,
22660-0.0_106.0,
22660-0.0_107.0,
22660-0.0_108.0,
22660-0.0_nan,
22682-0.0_1.0,
22682-0.0_2.0,
22682-0.0_nan,
23049-0.0_1.0,
23049-0.0_2.0,
23049-0.0_nan,
23050-0.0_0.0,
23050-0.0_1.0,
23050-0.0_nan,
23051-0.0_0.0,
23051-0.0_1.0,
23051-0.0_nan,
23052-0.0_0.0,
23052-0.0_1.0,
23052-0.0_nan,
23057-0.0_0.0,
23057-0.0_1.0,
23057-0.0_nan,
23058-0.0_0.0,
23058-0.0_1.0,
23058-0.0_nan,
23059-0.0_0.0,
23059-0.0_1.0,
23059-0.0_nan,
23060-0.0_0.0,
23060-0.0_1.0,
23060-0.0_nan,
23061-0.0_0.0,
23061-0.0_1.0,
23061-0.0_nan,
23062-0.0_0.0,
23062-0.0_1.0,
23062-0.0_nan,
23067-0.0_0.0,
23067-0.0_1.0,
23067-0.0_nan,
23068-0.0_0.0,
23068-0.0_1.0,
23068-0.0_nan,
23069-0.0_0.0,
23069-0.0_1.0,
23069-0.0_nan,
23070-0.0_0.0,
23070-0.0_1.0,
23070-0.0_nan,
23071-0.0_0.0,
23071-0.0_1.0,
23071-0.0_nan,
23072-0.0_1.0,
23072-0.0_2.0,
23072-0.0_3.0,
23072-0.0_4.0,
23072-0.0_5.0,
23072-0.0_nan,
30602-0.0_0.0,
30602-0.0_1.0,
30602-0.0_2.0,
30602-0.0_3.0,
30602-0.0_4.0,
30602-0.0_nan,
30612-0.0_0.0,
30612-0.0_1.0,
30612-0.0_2.0,
30612-0.0_3.0,
30612-0.0_4.0,
30612-0.0_nan,
30622-0.0_0.0,
30622-0.0_1.0,
30622-0.0_2.0,
30622-0.0_3.0,
30622-0.0_4.0,
30622-0.0_nan,
30632-0.0_0.0,
30632-0.0_1.0,
30632-0.0_2.0,
30632-0.0_3.0,
30632-0.0_4.0,
30632-0.0_nan,
30642-0.0_0.0,
30642-0.0_1.0,
30642-0.0_2.0,
30642-0.0_3.0,
30642-0.0_4.0,
30642-0.0_nan,
30652-0.0_0.0,
30652-0.0_1.0,
30652-0.0_2.0,
30652-0.0_3.0,
30652-0.0_4.0,
30652-0.0_nan,
30662-0.0_0.0,
30662-0.0_1.0,
30662-0.0_2.0,
30662-0.0_3.0,
30662-0.0_4.0,
30662-0.0_nan,
30672-0.0_0.0,
30672-0.0_1.0,
30672-0.0_2.0,
30672-0.0_3.0,
30672-0.0_4.0,
30672-0.0_nan,
30682-0.0_0.0,
30682-0.0_1.0,
30682-0.0_2.0,
30682-0.0_3.0,
30682-0.0_4.0,
30682-0.0_nan,
30702-0.0_0.0,
30702-0.0_1.0,
30702-0.0_2.0,
30702-0.0_3.0,
30702-0.0_4.0,
30702-0.0_nan,
30712-0.0_0.0,
30712-0.0_1.0,
30712-0.0_2.0,
30712-0.0_3.0,
30712-0.0_4.0,
30712-0.0_nan,
30722-0.0_0.0,
30722-0.0_1.0,
30722-0.0_2.0,
30722-0.0_3.0,
30722-0.0_4.0,
30722-0.0_nan,
30732-0.0_0.0,
30732-0.0_1.0,
30732-0.0_2.0,
30732-0.0_3.0,
30732-0.0_4.0,
30732-0.0_nan,
30742-0.0_0.0,
30742-0.0_1.0,
30742-0.0_2.0,
30742-0.0_3.0,
30742-0.0_4.0,
30742-0.0_nan,
30762-0.0_0.0,
30762-0.0_1.0,
30762-0.0_2.0,
30762-0.0_3.0,
30762-0.0_4.0,
30762-0.0_nan,
30772-0.0_0.0,
30772-0.0_1.0,
30772-0.0_2.0,
30772-0.0_3.0,
30772-0.0_4.0,
30772-0.0_nan,
30782-0.0_0.0,
30782-0.0_1.0,
30782-0.0_2.0,
30782-0.0_3.0,
30782-0.0_4.0,
30782-0.0_nan,
30802-0.0_0.0,
30802-0.0_1.0,
30802-0.0_2.0,
30802-0.0_3.0,
30802-0.0_4.0,
30802-0.0_nan,
30812-0.0_0.0,
30812-0.0_1.0,
30812-0.0_2.0,
30812-0.0_3.0,
30812-0.0_4.0,
30812-0.0_nan,
30822-0.0_0.0,
30822-0.0_1.0,
30822-0.0_2.0,
30822-0.0_3.0,
30822-0.0_4.0,
30822-0.0_nan,
30832-0.0_0.0,
30832-0.0_1.0,
30832-0.0_2.0,
30832-0.0_3.0,
30832-0.0_4.0,
30832-0.0_nan,
30842-0.0_0.0,
30842-0.0_1.0,
30842-0.0_2.0,
30842-0.0_3.0,
30842-0.0_4.0,
30842-0.0_nan,
30852-0.0_0.0,
30852-0.0_1.0,
30852-0.0_2.0,
30852-0.0_3.0,
30852-0.0_4.0,
30852-0.0_nan,
30862-0.0_0.0,
30862-0.0_1.0,
30862-0.0_2.0,
30862-0.0_3.0,
30862-0.0_4.0,
30862-0.0_nan,
30872-0.0_0.0,
30872-0.0_1.0,
30872-0.0_2.0,
30872-0.0_3.0,
30872-0.0_4.0,
30872-0.0_nan,
30882-0.0_0.0,
30882-0.0_1.0,
30882-0.0_2.0,
30882-0.0_3.0,
30882-0.0_4.0,
30882-0.0_nan,
90002-0.0_1.0,
90002-0.0_2.0,
90002-0.0_nan,
90017-0.0_0.0,
90017-0.0_1.0,
90017-0.0_nan,
90018-0.0_0.0,
90018-0.0_1.0,
90018-0.0_nan,
100010-0.0_10.0,
100010-0.0_15.0,
100010-0.0_5.0,
100010-0.0_nan,
100020-0.0_0.0,
100020-0.0_1.0,
100020-0.0_nan,
100150-0.0_1.0,
100150-0.0_2.0,
100150-0.0_3.0,
100150-0.0_4.0,
100150-0.0_5.0,
100150-0.0_555.0,
100150-0.0_600.0,
100150-0.0_nan,
100160-0.0_1.0,
100160-0.0_2.0,
100160-0.0_3.0,
100160-0.0_4.0,
100160-0.0_5.0,
100160-0.0_555.0,
100160-0.0_600.0,
100160-0.0_nan,
100170-0.0_1.0,
100170-0.0_2.0,
100170-0.0_3.0,
100170-0.0_4.0,
100170-0.0_5.0,
100170-0.0_555.0,
100170-0.0_600.0,
100170-0.0_nan,
100180-0.0_1.0,
100180-0.0_2.0,
100180-0.0_3.0,
100180-0.0_4.0,
100180-0.0_5.0,
100180-0.0_555.0,
100180-0.0_600.0,
100180-0.0_nan,
100200-0.0_1.0,
100200-0.0_2.0,
100200-0.0_3.0,
100200-0.0_4.0,
100200-0.0_5.0,
100200-0.0_555.0,
100200-0.0_600.0,
100200-0.0_nan,
100210-0.0_1.0,
100210-0.0_2.0,
100210-0.0_3.0,
100210-0.0_4.0,
100210-0.0_5.0,
100210-0.0_555.0,
100210-0.0_600.0,
100210-0.0_nan,
100220-0.0_1.0,
100220-0.0_2.0,
100220-0.0_3.0,
100220-0.0_4.0,
100220-0.0_5.0,
100220-0.0_555.0,
100220-0.0_600.0,
100220-0.0_nan,
100230-0.0_1.0,
100230-0.0_2.0,
100230-0.0_3.0,
100230-0.0_4.0,
100230-0.0_5.0,
100230-0.0_555.0,
100230-0.0_600.0,
100230-0.0_nan,
100240-0.0_0.0,
100240-0.0_1.0,
100240-0.0_nan,
100250-0.0_1.0,
100250-0.0_2.0,
100250-0.0_3.0,
100250-0.0_4.0,
100250-0.0_5.0,
100250-0.0_555.0,
100250-0.0_600.0,
100250-0.0_nan,
100260-0.0_1.0,
100260-0.0_111.0,
100260-0.0_nan,
100270-0.0_1.0,
100270-0.0_2.0,
100270-0.0_3.0,
100270-0.0_4.0,
100270-0.0_5.0,
100270-0.0_555.0,
100270-0.0_600.0,
100270-0.0_nan,
100280-0.0_1.0,
100280-0.0_111.0,
100280-0.0_nan,
100290-0.0_1.0,
100290-0.0_2.0,
100290-0.0_3.0,
100290-0.0_4.0,
100290-0.0_5.0,
100290-0.0_555.0,
100290-0.0_600.0,
100290-0.0_nan,
100300-0.0_1.0,
100300-0.0_2.0,
100300-0.0_3.0,
100300-0.0_4.0,
100300-0.0_5.0,
100300-0.0_555.0,
100300-0.0_600.0,
100300-0.0_nan,
100310-0.0_1.0,
100310-0.0_2.0,
100310-0.0_3.0,
100310-0.0_4.0,
100310-0.0_5.0,
100310-0.0_555.0,
100310-0.0_600.0,
100310-0.0_nan,
100320-0.0_1.0,
100320-0.0_111.0,
100320-0.0_nan,
100330-0.0_1.0,
100330-0.0_2.0,
100330-0.0_3.0,
100330-0.0_4.0,
100330-0.0_5.0,
100330-0.0_555.0,
100330-0.0_600.0,
100330-0.0_nan,
100350-0.0_1.0,
100350-0.0_111.0,
100350-0.0_nan,
100360-0.0_1.0,
100360-0.0_111.0,
100360-0.0_nan,
100370-0.0_1.0,
100370-0.0_111.0,
100370-0.0_2.0,
100370-0.0_300.0,
100370-0.0_555.0,
100370-0.0_nan,
100380-0.0_1.0,
100380-0.0_111.0,
100380-0.0_2.0,
100380-0.0_300.0,
100380-0.0_555.0,
100380-0.0_nan,
100390-0.0_0.0,
100390-0.0_1.0,
100390-0.0_nan,
100400-0.0_1.0,
100400-0.0_2.0,
100400-0.0_3.0,
100400-0.0_4.0,
100400-0.0_5.0,
100400-0.0_600.0,
100400-0.0_nan,
100410-0.0_1.0,
100410-0.0_2.0,
100410-0.0_3.0,
100410-0.0_4.0,
100410-0.0_5.0,
100410-0.0_600.0,
100410-0.0_nan,
100420-0.0_1.0,
100420-0.0_2.0,
100420-0.0_3.0,
100420-0.0_4.0,
100420-0.0_5.0,
100420-0.0_600.0,
100420-0.0_nan,
100430-0.0_1.0,
100430-0.0_2.0,
100430-0.0_3.0,
100430-0.0_4.0,
100430-0.0_5.0,
100430-0.0_600.0,
100430-0.0_nan,
100440-0.0_1.0,
100440-0.0_2.0,
100440-0.0_3.0,
100440-0.0_4.0,
100440-0.0_5.0,
100440-0.0_600.0,
100440-0.0_nan,
100460-0.0_1.0,
100460-0.0_111.0,
100460-0.0_nan,
100470-0.0_1.0,
100470-0.0_111.0,
100470-0.0_nan,
100480-0.0_1.0,
100480-0.0_111.0,
100480-0.0_nan,
100490-0.0_1.0,
100490-0.0_111.0,
100490-0.0_2.0,
100490-0.0_300.0,
100490-0.0_555.0,
100490-0.0_nan,
100500-0.0_1.0,
100500-0.0_111.0,
100500-0.0_2.0,
100500-0.0_300.0,
100500-0.0_555.0,
100500-0.0_nan,
100510-0.0_0.0,
100510-0.0_1.0,
100510-0.0_nan,
100520-0.0_1.0,
100520-0.0_2.0,
100520-0.0_3.0,
100520-0.0_4.0,
100520-0.0_5.0,
100520-0.0_555.0,
100520-0.0_600.0,
100520-0.0_nan,
100530-0.0_1.0,
100530-0.0_2.0,
100530-0.0_3.0,
100530-0.0_555.0,
100530-0.0_nan,
100540-0.0_1.0,
100540-0.0_2.0,
100540-0.0_3.0,
100540-0.0_5.0,
100540-0.0_555.0,
100540-0.0_600.0,
100540-0.0_nan,
100550-0.0_1.0,
100550-0.0_2.0,
100550-0.0_3.0,
100550-0.0_4.0,
100550-0.0_5.0,
100550-0.0_555.0,
100550-0.0_600.0,
100550-0.0_nan,
100560-0.0_1.0,
100560-0.0_2.0,
100560-0.0_3.0,
100560-0.0_4.0,
100560-0.0_5.0,
100560-0.0_555.0,
100560-0.0_600.0,
100560-0.0_nan,
100580-0.0_0.0,
100580-0.0_1.0,
100580-0.0_nan,
100590-0.0_1.0,
100590-0.0_2.0,
100590-0.0_3.0,
100590-0.0_4.0,
100590-0.0_5.0,
100590-0.0_555.0,
100590-0.0_600.0,
100590-0.0_nan,
100670-0.0_1.0,
100670-0.0_2.0,
100670-0.0_3.0,
100670-0.0_4.0,
100670-0.0_5.0,
100670-0.0_555.0,
100670-0.0_600.0,
100670-0.0_nan,
100710-0.0_1.0,
100710-0.0_2.0,
100710-0.0_3.0,
100710-0.0_4.0,
100710-0.0_5.0,
100710-0.0_555.0,
100710-0.0_600.0,
100710-0.0_nan,
100720-0.0_1.0,
100720-0.0_2.0,
100720-0.0_3.0,
100720-0.0_4.0,
100720-0.0_555.0,
100720-0.0_600.0,
100720-0.0_nan,
100730-0.0_1.0,
100730-0.0_2.0,
100730-0.0_3.0,
100730-0.0_4.0,
100730-0.0_5.0,
100730-0.0_555.0,
100730-0.0_600.0,
100730-0.0_nan,
100740-0.0_1.0,
100740-0.0_2.0,
100740-0.0_3.0,
100740-0.0_4.0,
100740-0.0_5.0,
100740-0.0_555.0,
100740-0.0_600.0,
100740-0.0_nan,
100760-0.0_0.0,
100760-0.0_1.0,
100760-0.0_nan,
100770-0.0_1.0,
100770-0.0_200.0,
100770-0.0_555.0,
100770-0.0_nan,
100800-0.0_1.0,
100800-0.0_200.0,
100800-0.0_555.0,
100800-0.0_nan,
100810-0.0_1.0,
100810-0.0_200.0,
100810-0.0_555.0,
100810-0.0_nan,
100820-0.0_1.0,
100820-0.0_200.0,
100820-0.0_555.0,
100820-0.0_nan,
100830-0.0_1.0,
100830-0.0_200.0,
100830-0.0_555.0,
100830-0.0_nan,
100840-0.0_1.0,
100840-0.0_200.0,
100840-0.0_555.0,
100840-0.0_nan,
100850-0.0_1.0,
100850-0.0_200.0,
100850-0.0_555.0,
100850-0.0_nan,
100860-0.0_1.0,
100860-0.0_200.0,
100860-0.0_555.0,
100860-0.0_nan,
100880-0.0_1.0,
100880-0.0_111.0,
100880-0.0_nan,
100890-0.0_1.0,
100890-0.0_111.0,
100890-0.0_nan,
100900-0.0_1.0,
100900-0.0_111.0,
100900-0.0_2.0,
100900-0.0_300.0,
100900-0.0_555.0,
100900-0.0_nan,
100910-0.0_1.0,
100910-0.0_111.0,
100910-0.0_2.0,
100910-0.0_300.0,
100910-0.0_555.0,
100910-0.0_nan,
100920-0.0_0.0,
100920-0.0_2102.0,
100920-0.0_2103.0,
100920-0.0_2104.0,
100920-0.0_2105.0,
100920-0.0_2106.0,
100920-0.0_2107.0,
100920-0.0_2108.0,
100920-0.0_2109.0,
100920-0.0_2110.0,
100920-0.0_2199.0,
100920-0.0_222.0,
100920-0.0_nan,
100940-0.0_0.0,
100940-0.0_1.0,
100940-0.0_nan,
100950-0.0_1.0,
100950-0.0_2.0,
100950-0.0_3.0,
100950-0.0_4.0,
100950-0.0_5.0,
100950-0.0_555.0,
100950-0.0_600.0,
100950-0.0_nan,
101020-0.0_1.0,
101020-0.0_2.0,
101020-0.0_3.0,
101020-0.0_4.0,
101020-0.0_5.0,
101020-0.0_555.0,
101020-0.0_600.0,
101020-0.0_nan,
101090-0.0_1.0,
101090-0.0_2.0,
101090-0.0_3.0,
101090-0.0_4.0,
101090-0.0_5.0,
101090-0.0_555.0,
101090-0.0_600.0,
101090-0.0_nan,
101160-0.0_1.0,
101160-0.0_2.0,
101160-0.0_3.0,
101160-0.0_4.0,
101160-0.0_5.0,
101160-0.0_555.0,
101160-0.0_600.0,
101160-0.0_nan,
101230-0.0_1.0,
101230-0.0_2.0,
101230-0.0_3.0,
101230-0.0_4.0,
101230-0.0_5.0,
101230-0.0_555.0,
101230-0.0_600.0,
101230-0.0_nan,
101240-0.0_1.0,
101240-0.0_2.0,
101240-0.0_3.0,
101240-0.0_4.0,
101240-0.0_5.0,
101240-0.0_555.0,
101240-0.0_600.0,
101240-0.0_nan,
101250-0.0_1.0,
101250-0.0_2.0,
101250-0.0_3.0,
101250-0.0_4.0,
101250-0.0_5.0,
101250-0.0_555.0,
101250-0.0_600.0,
101250-0.0_nan,
101260-0.0_1.0,
101260-0.0_2.0,
101260-0.0_3.0,
101260-0.0_4.0,
101260-0.0_5.0,
101260-0.0_555.0,
101260-0.0_600.0,
101260-0.0_nan,
101270-0.0_1.0,
101270-0.0_2.0,
101270-0.0_3.0,
101270-0.0_4.0,
101270-0.0_5.0,
101270-0.0_555.0,
101270-0.0_600.0,
101270-0.0_nan,
101300-0.0_1.0,
101300-0.0_nan,
101310-0.0_1.0,
101310-0.0_2.0,
101310-0.0_3.0,
101310-0.0_4.0,
101310-0.0_5.0,
101310-0.0_555.0,
101310-0.0_600.0,
101310-0.0_nan,
101350-0.0_1.0,
101350-0.0_2.0,
101350-0.0_3.0,
101350-0.0_4.0,
101350-0.0_555.0,
101350-0.0_600.0,
101350-0.0_nan,
101390-0.0_1.0,
101390-0.0_2.0,
101390-0.0_3.0,
101390-0.0_4.0,
101390-0.0_555.0,
101390-0.0_nan,
101430-0.0_1.0,
101430-0.0_2.0,
101430-0.0_3.0,
101430-0.0_4.0,
101430-0.0_5.0,
101430-0.0_555.0,
101430-0.0_600.0,
101430-0.0_nan,
101470-0.0_1.0,
101470-0.0_2.0,
101470-0.0_3.0,
101470-0.0_4.0,
101470-0.0_5.0,
101470-0.0_555.0,
101470-0.0_600.0,
101470-0.0_nan,
101510-0.0_1.0,
101510-0.0_2.0,
101510-0.0_3.0,
101510-0.0_4.0,
101510-0.0_5.0,
101510-0.0_555.0,
101510-0.0_600.0,
101510-0.0_nan,
101550-0.0_1.0,
101550-0.0_2.0,
101550-0.0_3.0,
101550-0.0_4.0,
101550-0.0_5.0,
101550-0.0_555.0,
101550-0.0_600.0,
101550-0.0_nan,
102120-0.0_1.0,
102120-0.0_2.0,
102120-0.0_300.0,
102120-0.0_555.0,
102120-0.0_nan,
102130-0.0_0.0,
102130-0.0_1.0,
102130-0.0_nan,
102140-0.0_1.0,
102140-0.0_2.0,
102140-0.0_555.0,
102140-0.0_nan,
102150-0.0_1.0,
102150-0.0_2.0,
102150-0.0_555.0,
102150-0.0_nan,
102170-0.0_1.0,
102170-0.0_2.0,
102170-0.0_555.0,
102170-0.0_nan,
102180-0.0_1.0,
102180-0.0_2.0,
102180-0.0_300.0,
102180-0.0_555.0,
102180-0.0_nan,
102200-0.0_1.0,
102200-0.0_2.0,
102200-0.0_300.0,
102200-0.0_555.0,
102200-0.0_nan,
102210-0.0_1.0,
102210-0.0_2.0,
102210-0.0_300.0,
102210-0.0_555.0,
102210-0.0_nan,
102220-0.0_1.0,
102220-0.0_2.0,
102220-0.0_555.0,
102220-0.0_nan,
102230-0.0_1.0,
102230-0.0_2.0,
102230-0.0_300.0,
102230-0.0_555.0,
102230-0.0_nan,
102250-0.0_0.0,
102250-0.0_1.0,
102250-0.0_nan,
102260-0.0_1.0,
102260-0.0_2.0,
102260-0.0_3.0,
102260-0.0_4.0,
102260-0.0_444.0,
102260-0.0_500.0,
102260-0.0_555.0,
102260-0.0_nan,
102270-0.0_1.0,
102270-0.0_2.0,
102270-0.0_444.0,
102270-0.0_500.0,
102270-0.0_555.0,
102270-0.0_nan,
102280-0.0_1.0,
102280-0.0_2.0,
102280-0.0_3.0,
102280-0.0_4.0,
102280-0.0_444.0,
102280-0.0_500.0,
102280-0.0_555.0,
102280-0.0_nan,
102290-0.0_1.0,
102290-0.0_2.0,
102290-0.0_3.0,
102290-0.0_4.0,
102290-0.0_444.0,
102290-0.0_555.0,
102290-0.0_nan,
102300-0.0_1.0,
102300-0.0_2.0,
102300-0.0_3.0,
102300-0.0_4.0,
102300-0.0_444.0,
102300-0.0_500.0,
102300-0.0_555.0,
102300-0.0_nan,
102310-0.0_1.0,
102310-0.0_2.0,
102310-0.0_3.0,
102310-0.0_4.0,
102310-0.0_444.0,
102310-0.0_500.0,
102310-0.0_555.0,
102310-0.0_nan,
102320-0.0_1.0,
102320-0.0_2.0,
102320-0.0_3.0,
102320-0.0_4.0,
102320-0.0_444.0,
102320-0.0_500.0,
102320-0.0_555.0,
102320-0.0_nan,
102330-0.0_1.0,
102330-0.0_2.0,
102330-0.0_3.0,
102330-0.0_4.0,
102330-0.0_444.0,
102330-0.0_500.0,
102330-0.0_555.0,
102330-0.0_nan,
102340-0.0_1.0,
102340-0.0_2.0,
102340-0.0_3.0,
102340-0.0_4.0,
102340-0.0_444.0,
102340-0.0_500.0,
102340-0.0_555.0,
102340-0.0_nan,
102350-0.0_1.0,
102350-0.0_2.0,
102350-0.0_3.0,
102350-0.0_4.0,
102350-0.0_444.0,
102350-0.0_500.0,
102350-0.0_555.0,
102350-0.0_nan,
102360-0.0_1.0,
102360-0.0_2.0,
102360-0.0_3.0,
102360-0.0_4.0,
102360-0.0_444.0,
102360-0.0_500.0,
102360-0.0_555.0,
102360-0.0_nan,
102370-0.0_1.0,
102370-0.0_2.0,
102370-0.0_3.0,
102370-0.0_4.0,
102370-0.0_444.0,
102370-0.0_500.0,
102370-0.0_555.0,
102370-0.0_nan,
102380-0.0_1.0,
102380-0.0_2.0,
102380-0.0_3.0,
102380-0.0_4.0,
102380-0.0_444.0,
102380-0.0_500.0,
102380-0.0_555.0,
102380-0.0_nan,
102400-0.0_0.0,
102400-0.0_1.0,
102400-0.0_nan,
102410-0.0_1.0,
102410-0.0_2.0,
102410-0.0_300.0,
102410-0.0_555.0,
102410-0.0_nan,
102420-0.0_1.0,
102420-0.0_2.0,
102420-0.0_300.0,
102420-0.0_555.0,
102420-0.0_nan,
102430-0.0_1.0,
102430-0.0_2.0,
102430-0.0_300.0,
102430-0.0_555.0,
102430-0.0_nan,
102440-0.0_1.0,
102440-0.0_2.0,
102440-0.0_300.0,
102440-0.0_555.0,
102440-0.0_nan,
102450-0.0_1.0,
102450-0.0_2.0,
102450-0.0_300.0,
102450-0.0_555.0,
102450-0.0_nan,
102460-0.0_1.0,
102460-0.0_2.0,
102460-0.0_300.0,
102460-0.0_555.0,
102460-0.0_nan,
102470-0.0_1.0,
102470-0.0_2.0,
102470-0.0_300.0,
102470-0.0_555.0,
102470-0.0_nan,
102480-0.0_1.0,
102480-0.0_2.0,
102480-0.0_300.0,
102480-0.0_555.0,
102480-0.0_nan,
102490-0.0_1.0,
102490-0.0_2.0,
102490-0.0_300.0,
102490-0.0_555.0,
102490-0.0_nan,
102500-0.0_1.0,
102500-0.0_2.0,
102500-0.0_300.0,
102500-0.0_555.0,
102500-0.0_nan,
102520-0.0_0.0,
102520-0.0_1.0,
102520-0.0_nan,
102530-0.0_1.0,
102530-0.0_2.0,
102530-0.0_3.0,
102530-0.0_555.0,
102530-0.0_nan,
102540-0.0_1.0,
102540-0.0_2.0,
102540-0.0_3.0,
102540-0.0_555.0,
102540-0.0_nan,
102620-0.0_1.0,
102620-0.0_2.0,
102620-0.0_3.0,
102620-0.0_400.0,
102620-0.0_555.0,
102620-0.0_nan,
102700-0.0_0.0,
102700-0.0_1.0,
102700-0.0_nan,
102710-0.0_1.0,
102710-0.0_200.0,
102710-0.0_555.0,
102710-0.0_nan,
102720-0.0_1.0,
102720-0.0_200.0,
102720-0.0_555.0,
102720-0.0_nan,
102730-0.0_1.0,
102730-0.0_200.0,
102730-0.0_555.0,
102730-0.0_nan,
102740-0.0_1.0,
102740-0.0_200.0,
102740-0.0_555.0,
102740-0.0_nan,
102750-0.0_1.0,
102750-0.0_200.0,
102750-0.0_555.0,
102750-0.0_nan,
102760-0.0_1.0,
102760-0.0_200.0,
102760-0.0_555.0,
102760-0.0_nan,
102770-0.0_1.0,
102770-0.0_200.0,
102770-0.0_555.0,
102770-0.0_nan,
102780-0.0_1.0,
102780-0.0_200.0,
102780-0.0_555.0,
102780-0.0_nan,
102800-0.0_0.0,
102800-0.0_1.0,
102800-0.0_nan,
102810-0.0_1.0,
102810-0.0_2.0,
102810-0.0_300.0,
102810-0.0_555.0,
102810-0.0_nan,
102820-0.0_1.0,
102820-0.0_2.0,
102820-0.0_300.0,
102820-0.0_555.0,
102820-0.0_nan,
102830-0.0_1.0,
102830-0.0_2.0,
102830-0.0_300.0,
102830-0.0_555.0,
102830-0.0_nan,
102840-0.0_1.0,
102840-0.0_2.0,
102840-0.0_300.0,
102840-0.0_555.0,
102840-0.0_nan,
102850-0.0_1.0,
102850-0.0_2.0,
102850-0.0_300.0,
102850-0.0_555.0,
102850-0.0_nan,
102860-0.0_1.0,
102860-0.0_2.0,
102860-0.0_300.0,
102860-0.0_555.0,
102860-0.0_nan,
102870-0.0_1.0,
102870-0.0_2.0,
102870-0.0_300.0,
102870-0.0_555.0,
102870-0.0_nan,
102880-0.0_1.0,
102880-0.0_2.0,
102880-0.0_555.0,
102880-0.0_nan,
102890-0.0_1.0,
102890-0.0_2.0,
102890-0.0_300.0,
102890-0.0_555.0,
102890-0.0_nan,
102900-0.0_1.0,
102900-0.0_2.0,
102900-0.0_300.0,
102900-0.0_555.0,
102900-0.0_nan,
102910-0.0_1.0,
102910-0.0_2.0,
102910-0.0_300.0,
102910-0.0_555.0,
102910-0.0_nan,
102930-0.0_0.0,
102930-0.0_1.0,
102930-0.0_nan,
102940-0.0_1.0,
102940-0.0_2.0,
102940-0.0_300.0,
102940-0.0_555.0,
102940-0.0_nan,
102950-0.0_1.0,
102950-0.0_2.0,
102950-0.0_300.0,
102950-0.0_555.0,
102950-0.0_nan,
102960-0.0_1.0,
102960-0.0_2.0,
102960-0.0_300.0,
102960-0.0_555.0,
102960-0.0_nan,
102970-0.0_1.0,
102970-0.0_2.0,
102970-0.0_555.0,
102970-0.0_nan,
102980-0.0_1.0,
102980-0.0_2.0,
102980-0.0_300.0,
102980-0.0_555.0,
102980-0.0_nan,
103000-0.0_0.0,
103000-0.0_1.0,
103000-0.0_nan,
103010-0.0_1.0,
103010-0.0_2.0,
103010-0.0_3.0,
103010-0.0_4.0,
103010-0.0_500.0,
103010-0.0_555.0,
103010-0.0_nan,
103020-0.0_1.0,
103020-0.0_2.0,
103020-0.0_3.0,
103020-0.0_4.0,
103020-0.0_500.0,
103020-0.0_555.0,
103020-0.0_nan,
103030-0.0_1.0,
103030-0.0_2.0,
103030-0.0_3.0,
103030-0.0_4.0,
103030-0.0_555.0,
103030-0.0_nan,
103040-0.0_1.0,
103040-0.0_2.0,
103040-0.0_3.0,
103040-0.0_4.0,
103040-0.0_555.0,
103040-0.0_nan,
103050-0.0_1.0,
103050-0.0_2.0,
103050-0.0_3.0,
103050-0.0_4.0,
103050-0.0_500.0,
103050-0.0_555.0,
103050-0.0_nan,
103060-0.0_1.0,
103060-0.0_2.0,
103060-0.0_3.0,
103060-0.0_4.0,
103060-0.0_500.0,
103060-0.0_555.0,
103060-0.0_nan,
103070-0.0_1.0,
103070-0.0_2.0,
103070-0.0_3.0,
103070-0.0_4.0,
103070-0.0_500.0,
103070-0.0_555.0,
103070-0.0_nan,
103080-0.0_1.0,
103080-0.0_2.0,
103080-0.0_3.0,
103080-0.0_4.0,
103080-0.0_500.0,
103080-0.0_555.0,
103080-0.0_nan,
103090-0.0_1.0,
103090-0.0_2.0,
103090-0.0_3.0,
103090-0.0_555.0,
103090-0.0_nan,
103100-0.0_1.0,
103100-0.0_2.0,
103100-0.0_3.0,
103100-0.0_4.0,
103100-0.0_555.0,
103100-0.0_nan,
103120-0.0_1.0,
103120-0.0_111.0,
103120-0.0_222.0,
103120-0.0_313.0,
103120-0.0_nan,
103130-0.0_1.0,
103130-0.0_111.0,
103130-0.0_222.0,
103130-0.0_313.0,
103130-0.0_nan,
103150-0.0_1.0,
103150-0.0_2.0,
103150-0.0_3.0,
103150-0.0_400.0,
103150-0.0_555.0,
103150-0.0_nan,
103160-0.0_1.0,
103160-0.0_2.0,
103160-0.0_3.0,
103160-0.0_400.0,
103160-0.0_555.0,
103160-0.0_nan,
103170-0.0_1.0,
103170-0.0_2.0,
103170-0.0_3.0,
103170-0.0_400.0,
103170-0.0_555.0,
103170-0.0_nan,
103180-0.0_1.0,
103180-0.0_2.0,
103180-0.0_555.0,
103180-0.0_nan,
103200-0.0_1.0,
103200-0.0_2.0,
103200-0.0_3.0,
103200-0.0_400.0,
103200-0.0_555.0,
103200-0.0_nan,
103210-0.0_1.0,
103210-0.0_2.0,
103210-0.0_3.0,
103210-0.0_555.0,
103210-0.0_nan,
103220-0.0_1.0,
103220-0.0_2.0,
103220-0.0_3.0,
103220-0.0_400.0,
103220-0.0_555.0,
103220-0.0_nan,
103230-0.0_1.0,
103230-0.0_2.0,
103230-0.0_3.0,
103230-0.0_400.0,
103230-0.0_555.0,
103230-0.0_nan,
103250-0.0_0.0,
103250-0.0_1.0,
103250-0.0_nan,
103260-0.0_1.0,
103260-0.0_2.0,
103260-0.0_3.0,
103260-0.0_400.0,
103260-0.0_555.0,
103260-0.0_nan,
103270-0.0_1.0,
103270-0.0_2.0,
103270-0.0_3.0,
103270-0.0_400.0,
103270-0.0_555.0,
103270-0.0_nan,
103280-0.0_1.0,
103280-0.0_2.0,
103280-0.0_3.0,
103280-0.0_400.0,
103280-0.0_555.0,
103280-0.0_nan,
103290-0.0_1.0,
103290-0.0_2.0,
103290-0.0_3.0,
103290-0.0_400.0,
103290-0.0_555.0,
103290-0.0_nan,
103310-0.0_0.0,
103310-0.0_1.0,
103310-0.0_nan,
103980-0.0_1.0,
103980-0.0_nan,
103990-0.0_0.0,
103990-0.0_1.0,
103990-0.0_nan,
104000-0.0_1.0,
104000-0.0_2.0,
104000-0.0_300.0,
104000-0.0_444.0,
104000-0.0_555.0,
104000-0.0_nan,
104010-0.0_1.0,
104010-0.0_2.0,
104010-0.0_300.0,
104010-0.0_444.0,
104010-0.0_555.0,
104010-0.0_nan,
104020-0.0_1.0,
104020-0.0_2.0,
104020-0.0_300.0,
104020-0.0_444.0,
104020-0.0_555.0,
104020-0.0_nan,
104030-0.0_1.0,
104030-0.0_2.0,
104030-0.0_300.0,
104030-0.0_444.0,
104030-0.0_555.0,
104030-0.0_nan,
104040-0.0_1.0,
104040-0.0_nan,
104050-0.0_1.0,
104050-0.0_2.0,
104050-0.0_300.0,
104050-0.0_444.0,
104050-0.0_555.0,
104050-0.0_nan,
104060-0.0_1.0,
104060-0.0_2.0,
104060-0.0_300.0,
104060-0.0_444.0,
104060-0.0_555.0,
104060-0.0_nan,
104070-0.0_1.0,
104070-0.0_2.0,
104070-0.0_300.0,
104070-0.0_444.0,
104070-0.0_555.0,
104070-0.0_nan,
104080-0.0_1.0,
104080-0.0_2.0,
104080-0.0_300.0,
104080-0.0_444.0,
104080-0.0_555.0,
104080-0.0_nan,
104090-0.0_1.0,
104090-0.0_2.0,
104090-0.0_300.0,
104090-0.0_444.0,
104090-0.0_555.0,
104090-0.0_nan,
104100-0.0_1.0,
104100-0.0_2.0,
104100-0.0_300.0,
104100-0.0_444.0,
104100-0.0_555.0,
104100-0.0_nan,
104110-0.0_1.0,
104110-0.0_2.0,
104110-0.0_300.0,
104110-0.0_444.0,
104110-0.0_555.0,
104110-0.0_nan,
104120-0.0_1.0,
104120-0.0_2.0,
104120-0.0_300.0,
104120-0.0_444.0,
104120-0.0_555.0,
104120-0.0_nan,
104130-0.0_1.0,
104130-0.0_2.0,
104130-0.0_300.0,
104130-0.0_444.0,
104130-0.0_555.0,
104130-0.0_nan,
104140-0.0_1.0,
104140-0.0_2.0,
104140-0.0_300.0,
104140-0.0_444.0,
104140-0.0_555.0,
104140-0.0_nan,
104150-0.0_1.0,
104150-0.0_2.0,
104150-0.0_300.0,
104150-0.0_444.0,
104150-0.0_555.0,
104150-0.0_nan,
104160-0.0_1.0,
104160-0.0_2.0,
104160-0.0_300.0,
104160-0.0_444.0,
104160-0.0_555.0,
104160-0.0_nan,
104170-0.0_1.0,
104170-0.0_2.0,
104170-0.0_300.0,
104170-0.0_444.0,
104170-0.0_555.0,
104170-0.0_nan,
104180-0.0_1.0,
104180-0.0_2.0,
104180-0.0_300.0,
104180-0.0_444.0,
104180-0.0_555.0,
104180-0.0_nan,
104200-0.0_1.0,
104200-0.0_2.0,
104200-0.0_300.0,
104200-0.0_444.0,
104200-0.0_555.0,
104200-0.0_nan,
104210-0.0_1.0,
104210-0.0_2.0,
104210-0.0_300.0,
104210-0.0_444.0,
104210-0.0_555.0,
104210-0.0_nan,
104220-0.0_1.0,
104220-0.0_2.0,
104220-0.0_300.0,
104220-0.0_444.0,
104220-0.0_555.0,
104220-0.0_nan,
104230-0.0_1.0,
104230-0.0_2.0,
104230-0.0_300.0,
104230-0.0_444.0,
104230-0.0_555.0,
104230-0.0_nan,
104240-0.0_1.0,
104240-0.0_2.0,
104240-0.0_300.0,
104240-0.0_444.0,
104240-0.0_555.0,
104240-0.0_nan,
104250-0.0_1.0,
104250-0.0_2.0,
104250-0.0_300.0,
104250-0.0_444.0,
104250-0.0_555.0,
104250-0.0_nan,
104260-0.0_1.0,
104260-0.0_2.0,
104260-0.0_300.0,
104260-0.0_444.0,
104260-0.0_555.0,
104260-0.0_nan,
104270-0.0_1.0,
104270-0.0_2.0,
104270-0.0_300.0,
104270-0.0_444.0,
104270-0.0_555.0,
104270-0.0_nan,
104280-0.0_1.0,
104280-0.0_2.0,
104280-0.0_300.0,
104280-0.0_444.0,
104280-0.0_555.0,
104280-0.0_nan,
104290-0.0_1.0,
104290-0.0_2.0,
104290-0.0_300.0,
104290-0.0_444.0,
104290-0.0_555.0,
104290-0.0_nan,
104300-0.0_1.0,
104300-0.0_2.0,
104300-0.0_300.0,
104300-0.0_444.0,
104300-0.0_555.0,
104300-0.0_nan,
104310-0.0_1.0,
104310-0.0_2.0,
104310-0.0_300.0,
104310-0.0_444.0,
104310-0.0_555.0,
104310-0.0_nan,
104320-0.0_1.0,
104320-0.0_2.0,
104320-0.0_300.0,
104320-0.0_444.0,
104320-0.0_555.0,
104320-0.0_nan,
104330-0.0_1.0,
104330-0.0_2.0,
104330-0.0_444.0,
104330-0.0_555.0,
104330-0.0_nan,
104340-0.0_1.0,
104340-0.0_2.0,
104340-0.0_300.0,
104340-0.0_444.0,
104340-0.0_555.0,
104340-0.0_nan,
104350-0.0_1.0,
104350-0.0_2.0,
104350-0.0_300.0,
104350-0.0_444.0,
104350-0.0_555.0,
104350-0.0_nan,
104360-0.0_1.0,
104360-0.0_2.0,
104360-0.0_300.0,
104360-0.0_444.0,
104360-0.0_555.0,
104360-0.0_nan,
104370-0.0_1.0,
104370-0.0_2.0,
104370-0.0_300.0,
104370-0.0_444.0,
104370-0.0_555.0,
104370-0.0_nan,
104380-0.0_1.0,
104380-0.0_2.0,
104380-0.0_300.0,
104380-0.0_444.0,
104380-0.0_555.0,
104380-0.0_nan,
104400-0.0_0.0,
104400-0.0_1.0,
104400-0.0_nan,
104410-0.0_1.0,
104410-0.0_2.0,
104410-0.0_3.0,
104410-0.0_400.0,
104410-0.0_555.0,
104410-0.0_nan,
104420-0.0_1.0,
104420-0.0_2.0,
104420-0.0_3.0,
104420-0.0_400.0,
104420-0.0_555.0,
104420-0.0_nan,
104430-0.0_1.0,
104430-0.0_2.0,
104430-0.0_3.0,
104430-0.0_400.0,
104430-0.0_555.0,
104430-0.0_nan,
104440-0.0_1.0,
104440-0.0_2.0,
104440-0.0_3.0,
104440-0.0_400.0,
104440-0.0_555.0,
104440-0.0_nan,
104450-0.0_1.0,
104450-0.0_2.0,
104450-0.0_3.0,
104450-0.0_400.0,
104450-0.0_555.0,
104450-0.0_nan,
104460-0.0_1.0,
104460-0.0_2.0,
104460-0.0_3.0,
104460-0.0_400.0,
104460-0.0_555.0,
104460-0.0_nan,
104470-0.0_1.0,
104470-0.0_2.0,
104470-0.0_3.0,
104470-0.0_400.0,
104470-0.0_555.0,
104470-0.0_nan,
104480-0.0_1.0,
104480-0.0_2.0,
104480-0.0_3.0,
104480-0.0_400.0,
104480-0.0_555.0,
104480-0.0_nan,
104490-0.0_1.0,
104490-0.0_2.0,
104490-0.0_3.0,
104490-0.0_555.0,
104490-0.0_nan,
104500-0.0_1.0,
104500-0.0_2.0,
104500-0.0_3.0,
104500-0.0_400.0,
104500-0.0_555.0,
104500-0.0_nan,
104510-0.0_1.0,
104510-0.0_2.0,
104510-0.0_3.0,
104510-0.0_400.0,
104510-0.0_555.0,
104510-0.0_nan,
104520-0.0_1.0,
104520-0.0_2.0,
104520-0.0_3.0,
104520-0.0_400.0,
104520-0.0_555.0,
104520-0.0_nan,
104530-0.0_1.0,
104530-0.0_2.0,
104530-0.0_3.0,
104530-0.0_400.0,
104530-0.0_555.0,
104530-0.0_nan,
104540-0.0_1.0,
104540-0.0_2.0,
104540-0.0_3.0,
104540-0.0_400.0,
104540-0.0_555.0,
104540-0.0_nan,
104550-0.0_1.0,
104550-0.0_2.0,
104550-0.0_3.0,
104550-0.0_400.0,
104550-0.0_555.0,
104550-0.0_nan,
104560-0.0_1.0,
104560-0.0_2.0,
104560-0.0_3.0,
104560-0.0_400.0,
104560-0.0_555.0,
104560-0.0_nan,
104570-0.0_1.0,
104570-0.0_2.0,
104570-0.0_3.0,
104570-0.0_400.0,
104570-0.0_555.0,
104570-0.0_nan,
104580-0.0_1.0,
104580-0.0_2.0,
104580-0.0_3.0,
104580-0.0_400.0,
104580-0.0_555.0,
104580-0.0_nan,
104590-0.0_1.0,
104590-0.0_2.0,
104590-0.0_3.0,
104590-0.0_400.0,
104590-0.0_555.0,
104590-0.0_nan,
104660-0.0_1.0,
104660-0.0_nan,
104670-0.0_0.0,
104670-0.0_1.0,
104670-0.0_nan,
104900-0.0_0.0,
104900-0.0_10.0,
104900-0.0_1030.0,
104900-0.0_12.0,
104900-0.0_24.0,
104900-0.0_3060.0,
104900-0.0_46.0,
104900-0.0_600.0,
104900-0.0_nan,
104910-0.0_0.0,
104910-0.0_10.0,
104910-0.0_1030.0,
104910-0.0_12.0,
104910-0.0_24.0,
104910-0.0_3060.0,
104910-0.0_46.0,
104910-0.0_600.0,
104910-0.0_nan,
104920-0.0_0.0,
104920-0.0_1.0,
104920-0.0_1200.0,
104920-0.0_13.0,
104920-0.0_35.0,
104920-0.0_57.0,
104920-0.0_79.0,
104920-0.0_912.0,
104920-0.0_nan,
48-0.0,0.5929148597405461
49-0.0,4.6909752468803634e-08
50-0.0,8.477917201943239e-18
51-0.0,3.9797257577273456e-08
77-0.0,0.3662594655515756
78-0.0,0.24857408801656125
189-0.0,7.303399198681581e-80
3062-0.0,0.17201040673214105
3147-0.0,0.2487366685823047
3148-0.0,0.2391809384135159
3160-0.0,0.06736793940618746
4100-0.0,0.06721290023867438
4101-0.0,0.19816523004830866
4119-0.0,0.014164416056994644
4120-0.0,0.08728610263603287
4122-0.0,0.02252363202709541
4138-0.0,
4139-0.0,
4140-0.0,
4141-0.0,
4142-0.0,
4147-0.0,
4207-0.0,
5078-0.0,0.008516744702553664
5079-0.0,0.0011644165274974235
5097-0.0,0.9839184372200276
5098-0.0,0.7264901483934276
5099-0.0,0.7370750757653863
5117-0.0,0.3439180758246436
5118-0.0,0.6657834047324594
5119-0.0,0.18220637240116827
5132-0.0,0.9050780388740512
5157-0.0,0.9902650142449774
5158-0.0,0.3288517789512241
5159-0.0,0.14970247310750934
5160-0.0,0.07734640833061435
5161-0.0,0.6473248642458111
5162-0.0,0.2692302910459303
5199-0.0,0.0011667106676617664
5201-0.0,7.132013876730964e-05
5208-0.0,0.00013099447849530688
5211-0.0,0.4909281066710438
5257-0.0,0.27402427174188243
5262-0.0,9.460907937305391e-05
20019-0.0,0.6198039516109605
20021-0.0,0.025320435246338775
20022-0.0,0.0011857664202419387
20150-0.0,1.0725435406842737e-09
20151-0.0,0.002266642090082807
20157-0.0,2.6200515651610234e-17
20161-0.0,0.5381872432576793
20162-0.0,2.796122382014336e-07
20257-0.0,0.006111396777754414
20258-0.0,0.9689866547938356
20261-0.0,8.827584511274099e-07
21001-0.0,7.30195231427861e-14
21002-0.0,0.0876563421969871
21021-0.0,8.510178695043932e-08
22012-0.0,0.11030181700542736
22022-0.0,0.0008923531974814725
22037-0.0,0.8669178148344241
22038-0.0,2.231739617400218e-06
22039-0.0,0.813084772234443
22631-0.0,
22641-0.0,0.5455174813030603
22651-0.0,
23098-0.0,0.04587087329620917
23099-0.0,1.738910570458456e-12
23100-0.0,2.09071191214792e-11
23101-0.0,0.005226894183257606
23102-0.0,0.0054588192887039715
23107-0.0,0.0008337036713823862
23108-0.0,0.0008604631323272898
23109-0.0,6.862725948792644e-07
23110-0.0,1.203999360208567e-06
23111-0.0,3.55780659451831e-17
23112-0.0,1.749829214319926e-25
23117-0.0,0.5386065622882361
23118-0.0,0.6746588024447732
23119-0.0,9.437691285394871e-26
23120-0.0,7.716428984471635e-22
23121-0.0,0.01749734365000715
23122-0.0,0.015018956681059787
23127-0.0,6.057222930156479e-05
23128-0.0,0.031218539753963107
23129-0.0,1.8416140483110027e-07
23130-0.0,1.164774772260714e-07
24007-0.0,7.532521677239919e-48
24008-0.0,1.351030187937758e-05
24010-0.0,0.003832349742847708
24017-0.0,2.738958380245709e-62
24018-0.0,7.684381133950223e-66
24019-0.0,2.06967120995618e-45
24020-0.0,1.319190748318776e-10
24021-0.0,1.3093817148516537e-10
24500-0.0,8.218471434280473e-43
24501-0.0,0.006007000981903829
24502-0.0,0.920073488453392
24507-0.0,2.3273247567185848e-33
24508-0.0,0.011859408910807256
26410-0.0,4.52484549031692e-50
26411-0.0,1.5807551383673798e-50
26412-0.0,1.364199554721609e-23
26417-0.0,2.435721051658031e-61
26418-0.0,0.04790385163462255
26419-0.0,0.005868986535220807
26420-0.0,0.012590371100307652
26421-0.0,0.04404700004375171
26422-0.0,0.14125599504448771
26427-0.0,6.794358977665361e-07
26428-0.0,1.4855597730898787e-07
26429-0.0,2.0183871225044133e-06
26430-0.0,1.4354883144872627e-07
26431-0.0,4.3599022039534313e-07
26432-0.0,5.538024655864206e-05
30000-0.0,0.1392283798900666
30010-0.0,0.7182808707016068
30020-0.0,3.688246654328707e-12
30030-0.0,2.291793908688794e-09
30040-0.0,4.8123975938169905e-21
30050-0.0,1.638623962418741e-20
30060-0.0,0.0009520995483009373
30070-0.0,0.8527736002144582
30080-0.0,5.189346827125833e-13
30090-0.0,6.283171903446157e-23
30100-0.0,0.0010802799909081855
30110-0.0,6.182530668386781e-08
30120-0.0,0.00011031387396805607
30130-0.0,0.00047235744189788115
30140-0.0,0.2466912957573876
30150-0.0,3.9940874669512786e-07
30160-0.0,0.15113362770492494
30170-0.0,0.033542618268952835
30180-0.0,0.20463786620724167
30200-0.0,0.5112643239277014
30210-0.0,1.6630044481079823e-06
30220-0.0,0.11218416608995173
30230-0.0,0.013190623399877055
30240-0.0,0.020332074914229392
30250-0.0,0.02365319793972074
30260-0.0,0.4596912991048995
30270-0.0,0.010524381708016228
30280-0.0,0.0006330301000792642
30290-0.0,0.000425375429651498
30300-0.0,0.0005880484612098863
30500-0.0,0.6866129475474634
30510-0.0,0.00020598019552149662
30520-0.0,0.0035496200876668146
30530-0.0,1.8578991814986387e-20
30600-0.0,1.6304949126003188e-06
30610-0.0,0.7061542530357586
30620-0.0,9.788142581691724e-05
30640-0.0,0.4287737166450518
30650-0.0,0.5094927717047402
30660-0.0,0.0006294507865525777
30670-0.0,7.572262351047365e-49
30680-0.0,0.5023030431104037
30690-0.0,0.40861295377834417
30700-0.0,5.162482475787877e-23
30710-0.0,0.5730271867593304
30720-0.0,4.567143027637596e-40
30730-0.0,0.6353127153671717
30740-0.0,0.42076563860461696
30750-0.0,0.5276835581541213
30760-0.0,0.010350956757284677
30770-0.0,3.0847026920365654e-14
30780-0.0,0.15940202992649988
30790-0.0,0.7898597831983165
30800-0.0,3.096471759514678e-05
30810-0.0,0.17789874039384554
30820-0.0,0.07214345446064596
30830-0.0,0.0002708608529488004
30840-0.0,2.5176635374691124e-05
30850-0.0,4.4164451258761885e-19
30860-0.0,9.406656903082966e-28
30870-0.0,0.2538971107122082
30880-0.0,5.47168944965567e-05
30890-0.0,1.5035013289523363e-87
30897-0.0,0.577213322158027
90012-0.0,1.5994935501467507e-07
90019-0.0,0.00016193296754193011
90020-0.0,3.4500213750125832e-06
90021-0.0,0.0038150743095018867
90022-0.0,2.6941918397910086e-06
90027-0.0,0.012508426340771043
90028-0.0,0.29454059213759964
90029-0.0,0.4478879809024856
90030-0.0,0.5245754264751348
90031-0.0,0.2704856624049083
90032-0.0,0.022922054561303168
90037-0.0,0.8794870612187632
90038-0.0,0.13590371868819429
90039-0.0,0.0003616509012693599
90040-0.0,1.0243519496509018e-05
90041-0.0,0.0059525044842757575
90042-0.0,0.0014203254252378227
90047-0.0,3.2049811435501954e-13
90048-0.0,5.467393792624402e-09
90049-0.0,0.005022178085404856
90050-0.0,0.03768730590259834
90051-0.0,0.6643208457934902
90052-0.0,0.6611003758743617
90057-0.0,0.7740095630108622
90058-0.0,0.4232379207176181
90059-0.0,0.30213083803379176
90060-0.0,0.8373341140467023
90061-0.0,0.9449719591205192
90062-0.0,0.5494246414501754
90067-0.0,0.5517894787508155
90068-0.0,0.5265761972464172
90069-0.0,0.464124805848026
90070-0.0,0.5525106034093166
90071-0.0,0.6257609161792244
90072-0.0,0.7455047322115879
90077-0.0,0.7951260664170113
90078-0.0,0.8583858389635667
90079-0.0,0.8672106937016659
90080-0.0,0.8761586973556024
90081-0.0,0.6851399423129848
90082-0.0,0.5542798356048628
90088-0.0,5.574145207554984e-10
90089-0.0,0.17967663455940874
90090-0.0,0.8588387562687549
90091-0.0,5.874095686053227e-11
90097-0.0,0.00048689271508728534
90098-0.0,0.00017319736090914704
90099-0.0,3.6243073079760334e-05
90100-0.0,5.047568837622065e-05
90101-0.0,5.2506648372877884e-05
90102-0.0,6.070477857684279e-05
90107-0.0,6.373807712714493e-06
90108-0.0,7.259558229611296e-06
90109-0.0,6.450639523562923e-06
90110-0.0,8.327156979250069e-06
90111-0.0,5.359335941936627e-06
90112-0.0,2.7202727413630922e-06
90117-0.0,8.906160219332942e-09
90118-0.0,1.098950149722282e-09
90119-0.0,1.9692844868366443e-10
90120-0.0,1.8224554212176656e-11
90121-0.0,6.104811419396266e-13
90122-0.0,1.104891140392662e-13
90127-0.0,2.8722694318527114e-16
90128-0.0,6.603322603190902e-17
90129-0.0,2.4566388386886603e-16
90130-0.0,4.880543747401732e-15
90131-0.0,2.4504369908990937e-13
90132-0.0,2.7422164847743734e-11
90138-0.0,0.0002709794306589088
90139-0.0,0.0007582140482389757
90140-0.0,0.002045872706117684
90141-0.0,0.00429917862558272
90142-0.0,0.010415524999564609
90147-0.0,0.3485421726885247
90148-0.0,0.3708726047888332
90149-0.0,0.43115815472125096
90150-0.0,0.4837060005604846
90151-0.0,0.5294329045733901
90152-0.0,0.5317644562455313
90157-0.0,0.6229958993055029
90158-0.0,0.6397473227213128
90159-0.0,0.9223483639014204
90160-0.0,0.13101216610375185
90161-0.0,0.0629364911978224
90162-0.0,0.2854202387295456
90167-0.0,0.6591997392057852
90168-0.0,0.6759399669414292
90169-0.0,0.4820903062683424
90170-0.0,0.0201846047194244
90172-0.0,0.2565657301480739
90177-0.0,0.16764672133100544
90181-0.0,0.4211395309460404
90188-0.0,4.377858725981551e-05
90189-0.0,0.004626239521071897
100001-0.0,0.15882267912160494
100002-0.0,0.3353391750039415
100007-0.0,0.4847716582180904
100008-0.0,0.10982139980425314
100009-0.0,0.004246792768611855
100011-0.0,0.002874164365231291
100012-0.0,0.011648457832815809
100017-0.0,0.014080390413226887
100018-0.0,0.5810010733924449
100019-0.0,0.08207643898726877
100021-0.0,0.04517196660056625
100022-0.0,0.1876647604458664
